iso3,country,period,metric,category,value,unit,legality,flow_type,source
GBR,United Kingdom,2001,asylum_applications,main_applicant,71027.0,claims,legal,count,Home Office Immigration System Statistics
GBR,United Kingdom,2002,asylum_applications,main_applicant,84132.0,claims,legal,count,Home Office Immigration System Statistics
GBR,United Kingdom,2003,asylum_applications,main_applicant,49407.0,claims,legal,count,Home Office Immigration System Statistics
GBR,United Kingdom,2004,asylum_applications,main_applicant,33960.0,claims,legal,count,Home Office Immigration System Statistics
GBR,United Kingdom,2005,asylum_applications,main_applicant,25712.0,claims,legal,count,Home Office Immigration System Statistics
GBR,United Kingdom,2006,asylum_applications,main_applicant,23617.0,claims,legal,count,Home Office Immigration System Statistics
GBR,United Kingdom,2007,asylum_applications,main_applicant,23432.0,claims,legal,count,Home Office Immigration System Statistics
GBR,United Kingdom,2008,asylum_applications,main_applicant,25933.0,claims,legal,count,Home Office Immigration System Statistics
GBR,United Kingdom,2009,asylum_applications,main_applicant,24487.0,claims,legal,count,Home Office Immigration System Statistics
GBR,United Kingdom,2010,asylum_applications,main_applicant,17916.0,claims,legal,count,Home Office Immigration System Statistics
GBR,United Kingdom,2011,asylum_applications,main_applicant,19865.0,claims,legal,count,Home Office Immigration System Statistics
GBR,United Kingdom,2012,asylum_applications,main_applicant,21843.0,claims,legal,count,Home Office Immigration System Statistics
GBR,United Kingdom,2013,asylum_applications,main_applicant,23584.0,claims,legal,count,Home Office Immigration System Statistics
GBR,United Kingdom,2014,asylum_applications,main_applicant,25033.0,claims,legal,count,Home Office Immigration System Statistics
GBR,United Kingdom,2015,asylum_applications,main_applicant,32733.0,claims,legal,count,Home Office Immigration System Statistics
GBR,United Kingdom,2016,asylum_applications,main_applicant,30747.0,claims,legal,count,Home Office Immigration System Statistics
GBR,United Kingdom,2017,asylum_applications,main_applicant,26547.0,claims,legal,count,Home Office Immigration System Statistics
GBR,United Kingdom,2018,asylum_applications,main_applicant,29504.0,claims,legal,count,Home Office Immigration System Statistics
GBR,United Kingdom,2019,asylum_applications,main_applicant,35737.0,claims,legal,count,Home Office Immigration System Statistics
GBR,United Kingdom,2020,asylum_applications,main_applicant,29440.0,claims,legal,count,Home Office Immigration System Statistics
GBR,United Kingdom,2021,asylum_applications,main_applicant,48182.0,claims,legal,count,Home Office Immigration System Statistics
GBR,United Kingdom,2022,asylum_applications,main_applicant,76948.0,claims,legal,count,Home Office Immigration System Statistics
GBR,United Kingdom,2023,asylum_applications,main_applicant,68462.0,claims,legal,count,Home Office Immigration System Statistics
GBR,United Kingdom,2024,asylum_applications,main_applicant,82368.0,claims,legal,count,Home Office Immigration System Statistics
GBR,United Kingdom,2025,asylum_applications,main_applicant,82140.0,claims,legal,count,Home Office Immigration System Statistics
GBR,United Kingdom,2001,asylum_applications_per_1000_pop,main_applicant,1.2014105693717216,"per 1,000 population",legal,count,Derived: Home Office Immigration System Statistics ÷ World Bank SP.POP.TOTL
GBR,United Kingdom,2002,asylum_applications_per_1000_pop,main_applicant,1.4170679000248592,"per 1,000 population",legal,count,Derived: Home Office Immigration System Statistics ÷ World Bank SP.POP.TOTL
GBR,United Kingdom,2003,asylum_applications_per_1000_pop,main_applicant,0.8283152893201345,"per 1,000 population",legal,count,Derived: Home Office Immigration System Statistics ÷ World Bank SP.POP.TOTL
GBR,United Kingdom,2004,asylum_applications_per_1000_pop,main_applicant,0.5661141191711896,"per 1,000 population",legal,count,Derived: Home Office Immigration System Statistics ÷ World Bank SP.POP.TOTL
GBR,United Kingdom,2005,asylum_applications_per_1000_pop,main_applicant,0.4256868645967102,"per 1,000 population",legal,count,Derived: Home Office Immigration System Statistics ÷ World Bank SP.POP.TOTL
GBR,United Kingdom,2006,asylum_applications_per_1000_pop,main_applicant,0.38813860773660813,"per 1,000 population",legal,count,Derived: Home Office Immigration System Statistics ÷ World Bank SP.POP.TOTL
GBR,United Kingdom,2007,asylum_applications_per_1000_pop,main_applicant,0.3821112012412156,"per 1,000 population",legal,count,Derived: Home Office Immigration System Statistics ÷ World Bank SP.POP.TOTL
GBR,United Kingdom,2008,asylum_applications_per_1000_pop,main_applicant,0.41958034038056696,"per 1,000 population",legal,count,Derived: Home Office Immigration System Statistics ÷ World Bank SP.POP.TOTL
GBR,United Kingdom,2009,asylum_applications_per_1000_pop,main_applicant,0.3931995284881384,"per 1,000 population",legal,count,Derived: Home Office Immigration System Statistics ÷ World Bank SP.POP.TOTL
GBR,United Kingdom,2010,asylum_applications_per_1000_pop,main_applicant,0.28543950251062017,"per 1,000 population",legal,count,Derived: Home Office Immigration System Statistics ÷ World Bank SP.POP.TOTL
GBR,United Kingdom,2011,asylum_applications_per_1000_pop,main_applicant,0.3140274058269512,"per 1,000 population",legal,count,Derived: Home Office Immigration System Statistics ÷ World Bank SP.POP.TOTL
GBR,United Kingdom,2012,asylum_applications_per_1000_pop,main_applicant,0.34284503460940813,"per 1,000 population",legal,count,Derived: Home Office Immigration System Statistics ÷ World Bank SP.POP.TOTL
GBR,United Kingdom,2013,asylum_applications_per_1000_pop,main_applicant,0.36770713149770806,"per 1,000 population",legal,count,Derived: Home Office Immigration System Statistics ÷ World Bank SP.POP.TOTL
GBR,United Kingdom,2014,asylum_applications_per_1000_pop,main_applicant,0.3873938005849673,"per 1,000 population",legal,count,Derived: Home Office Immigration System Statistics ÷ World Bank SP.POP.TOTL
GBR,United Kingdom,2015,asylum_applications_per_1000_pop,main_applicant,0.502911487701077,"per 1,000 population",legal,count,Derived: Home Office Immigration System Statistics ÷ World Bank SP.POP.TOTL
GBR,United Kingdom,2016,asylum_applications_per_1000_pop,main_applicant,0.4686614029204646,"per 1,000 population",legal,count,Derived: Home Office Immigration System Statistics ÷ World Bank SP.POP.TOTL
GBR,United Kingdom,2017,asylum_applications_per_1000_pop,main_applicant,0.4024467891577224,"per 1,000 population",legal,count,Derived: Home Office Immigration System Statistics ÷ World Bank SP.POP.TOTL
GBR,United Kingdom,2018,asylum_applications_per_1000_pop,main_applicant,0.4450948149712613,"per 1,000 population",legal,count,Derived: Home Office Immigration System Statistics ÷ World Bank SP.POP.TOTL
GBR,United Kingdom,2019,asylum_applications_per_1000_pop,main_applicant,0.5363660923335535,"per 1,000 population",legal,count,Derived: Home Office Immigration System Statistics ÷ World Bank SP.POP.TOTL
GBR,United Kingdom,2020,asylum_applications_per_1000_pop,main_applicant,0.4411147737488762,"per 1,000 population",legal,count,Derived: Home Office Immigration System Statistics ÷ World Bank SP.POP.TOTL
GBR,United Kingdom,2021,asylum_applications_per_1000_pop,main_applicant,0.7193705395801606,"per 1,000 population",legal,count,Derived: Home Office Immigration System Statistics ÷ World Bank SP.POP.TOTL
GBR,United Kingdom,2022,asylum_applications_per_1000_pop,main_applicant,1.1376781595599976,"per 1,000 population",legal,count,Derived: Home Office Immigration System Statistics ÷ World Bank SP.POP.TOTL
GBR,United Kingdom,2023,asylum_applications_per_1000_pop,main_applicant,0.9990660479234159,"per 1,000 population",legal,count,Derived: Home Office Immigration System Statistics ÷ World Bank SP.POP.TOTL
GBR,United Kingdom,2024,asylum_applications_per_1000_pop,main_applicant,1.188897388894502,"per 1,000 population",legal,count,Derived: Home Office Immigration System Statistics ÷ World Bank SP.POP.TOTL
GBR,United Kingdom,2025,asylum_applications_per_1000_pop,main_applicant,1.1820916142587823,"per 1,000 population",legal,count,Derived: Home Office Immigration System Statistics ÷ World Bank SP.POP.TOTL
GBR,United Kingdom,2012,emigration,all,448000.0,people,legal,outflow,ONS Long-Term International Migration
GBR,United Kingdom,2013,emigration,all,469000.0,people,legal,outflow,ONS Long-Term International Migration
GBR,United Kingdom,2014,emigration,all,494000.0,people,legal,outflow,ONS Long-Term International Migration
GBR,United Kingdom,2015,emigration,all,494000.0,people,legal,outflow,ONS Long-Term International Migration
GBR,United Kingdom,2016,emigration,all,523000.0,people,legal,outflow,ONS Long-Term International Migration
GBR,United Kingdom,2017,emigration,all,544000.0,people,legal,outflow,ONS Long-Term International Migration
GBR,United Kingdom,2018,emigration,all,549000.0,people,legal,outflow,ONS Long-Term International Migration
GBR,United Kingdom,2019,emigration,all,605000.0,people,legal,outflow,ONS Long-Term International Migration
GBR,United Kingdom,2020,emigration,all,569000.0,people,legal,outflow,ONS Long-Term International Migration
GBR,United Kingdom,2021,emigration,all,480000.0,people,legal,outflow,ONS Long-Term International Migration
GBR,United Kingdom,2022,emigration,all,508000.0,people,legal,outflow,ONS Long-Term International Migration
GBR,United Kingdom,2023,emigration,all,593000.0,people,legal,outflow,ONS Long-Term International Migration
GBR,United Kingdom,2024,emigration,all,680000.0,people,legal,outflow,ONS Long-Term International Migration
GBR,United Kingdom,2025,emigration,all,642000.0,people,legal,outflow,ONS Long-Term International Migration
GBR,United Kingdom,2012,emigration_per_1000_pop,all,7.031752758550329,"per 1,000 population",legal,outflow,Derived: ONS Long-Term International Migration ÷ World Bank SP.POP.TOTL
GBR,United Kingdom,2013,emigration_per_1000_pop,all,7.312357728647603,"per 1,000 population",legal,outflow,Derived: ONS Long-Term International Migration ÷ World Bank SP.POP.TOTL
GBR,United Kingdom,2014,emigration_per_1000_pop,all,7.644810349897089,"per 1,000 population",legal,outflow,Derived: ONS Long-Term International Migration ÷ World Bank SP.POP.TOTL
GBR,United Kingdom,2015,emigration_per_1000_pop,all,7.589841289351176,"per 1,000 population",legal,outflow,Derived: ONS Long-Term International Migration ÷ World Bank SP.POP.TOTL
GBR,United Kingdom,2016,emigration_per_1000_pop,all,7.971831844648355,"per 1,000 population",legal,outflow,Derived: ONS Long-Term International Migration ÷ World Bank SP.POP.TOTL
GBR,United Kingdom,2017,emigration_per_1000_pop,all,8.246922563822691,"per 1,000 population",legal,outflow,Derived: ONS Long-Term International Migration ÷ World Bank SP.POP.TOTL
GBR,United Kingdom,2018,emigration_per_1000_pop,all,8.282166940727443,"per 1,000 population",legal,outflow,Derived: ONS Long-Term International Migration ÷ World Bank SP.POP.TOTL
GBR,United Kingdom,2019,emigration_per_1000_pop,all,9.080266554601668,"per 1,000 population",legal,outflow,Derived: ONS Long-Term International Migration ÷ World Bank SP.POP.TOTL
GBR,United Kingdom,2020,emigration_per_1000_pop,all,8.525621816002397,"per 1,000 population",legal,outflow,Derived: ONS Long-Term International Migration ÷ World Bank SP.POP.TOTL
GBR,United Kingdom,2021,emigration_per_1000_pop,all,7.166532294186151,"per 1,000 population",legal,outflow,Derived: ONS Long-Term International Migration ÷ World Bank SP.POP.TOTL
GBR,United Kingdom,2022,emigration_per_1000_pop,all,7.5107930687799405,"per 1,000 population",legal,outflow,Derived: ONS Long-Term International Migration ÷ World Bank SP.POP.TOTL
GBR,United Kingdom,2023,emigration_per_1000_pop,all,8.653649709599277,"per 1,000 population",legal,outflow,Derived: ONS Long-Term International Migration ÷ World Bank SP.POP.TOTL
GBR,United Kingdom,2024,emigration_per_1000_pop,all,9.815100821292996,"per 1,000 population",legal,outflow,Derived: ONS Long-Term International Migration ÷ World Bank SP.POP.TOTL
GBR,United Kingdom,2025,emigration_per_1000_pop,all,9.239138256076677,"per 1,000 population",legal,outflow,Derived: ONS Long-Term International Migration ÷ World Bank SP.POP.TOTL
GBR,United Kingdom,2012,immigration,all,643000.0,people,legal,inflow,ONS Long-Term International Migration
GBR,United Kingdom,2013,immigration,all,713000.0,people,legal,inflow,ONS Long-Term International Migration
GBR,United Kingdom,2014,immigration,all,778000.0,people,legal,inflow,ONS Long-Term International Migration
GBR,United Kingdom,2015,immigration,all,797000.0,people,legal,inflow,ONS Long-Term International Migration
GBR,United Kingdom,2016,immigration,all,772000.0,people,legal,inflow,ONS Long-Term International Migration
GBR,United Kingdom,2017,immigration,all,752000.0,people,legal,inflow,ONS Long-Term International Migration
GBR,United Kingdom,2018,immigration,all,825000.0,people,legal,inflow,ONS Long-Term International Migration
GBR,United Kingdom,2019,immigration,all,788000.0,people,legal,inflow,ONS Long-Term International Migration
GBR,United Kingdom,2020,immigration,all,662000.0,people,legal,inflow,ONS Long-Term International Migration
GBR,United Kingdom,2021,immigration,all,947000.0,people,legal,inflow,ONS Long-Term International Migration
GBR,United Kingdom,2022,immigration,all,1398000.0,people,legal,inflow,ONS Long-Term International Migration
GBR,United Kingdom,2023,immigration,all,1441000.0,people,legal,inflow,ONS Long-Term International Migration
GBR,United Kingdom,2024,immigration,all,1012000.0,people,legal,inflow,ONS Long-Term International Migration
GBR,United Kingdom,2025,immigration,all,813000.0,people,legal,inflow,ONS Long-Term International Migration
GBR,United Kingdom,2012,immigration_per_1000_pop,all,10.092448713722906,"per 1,000 population",legal,inflow,Derived: ONS Long-Term International Migration ÷ World Bank SP.POP.TOTL
GBR,United Kingdom,2013,immigration_per_1000_pop,all,11.116654713274501,"per 1,000 population",legal,inflow,Derived: ONS Long-Term International Migration ÷ World Bank SP.POP.TOTL
GBR,United Kingdom,2014,immigration_per_1000_pop,all,12.039802534858168,"per 1,000 population",legal,inflow,Derived: ONS Long-Term International Migration ÷ World Bank SP.POP.TOTL
GBR,United Kingdom,2015,immigration_per_1000_pop,all,12.245148800835805,"per 1,000 population",legal,inflow,Derived: ONS Long-Term International Migration ÷ World Bank SP.POP.TOTL
GBR,United Kingdom,2016,immigration_per_1000_pop,all,11.767216413132944,"per 1,000 population",legal,inflow,Derived: ONS Long-Term International Migration ÷ World Bank SP.POP.TOTL
GBR,United Kingdom,2017,immigration_per_1000_pop,all,11.400157661754896,"per 1,000 population",legal,inflow,Derived: ONS Long-Term International Migration ÷ World Bank SP.POP.TOTL
GBR,United Kingdom,2018,immigration_per_1000_pop,all,12.445879282513916,"per 1,000 population",legal,inflow,Derived: ONS Long-Term International Migration ÷ World Bank SP.POP.TOTL
GBR,United Kingdom,2019,immigration_per_1000_pop,all,11.826859578555561,"per 1,000 population",legal,inflow,Derived: ONS Long-Term International Migration ÷ World Bank SP.POP.TOTL
GBR,United Kingdom,2020,immigration_per_1000_pop,all,9.919089002097692,"per 1,000 population",legal,inflow,Derived: ONS Long-Term International Migration ÷ World Bank SP.POP.TOTL
GBR,United Kingdom,2021,immigration_per_1000_pop,all,14.13897100540476,"per 1,000 population",legal,inflow,Derived: ONS Long-Term International Migration ÷ World Bank SP.POP.TOTL
GBR,United Kingdom,2022,immigration_per_1000_pop,all,20.669465964870778,"per 1,000 population",legal,inflow,Derived: ONS Long-Term International Migration ÷ World Bank SP.POP.TOTL
GBR,United Kingdom,2023,immigration_per_1000_pop,all,21.02851472433821,"per 1,000 population",legal,inflow,Derived: ONS Long-Term International Migration ÷ World Bank SP.POP.TOTL
GBR,United Kingdom,2024,immigration_per_1000_pop,all,14.60717945757134,"per 1,000 population",legal,inflow,Derived: ONS Long-Term International Migration ÷ World Bank SP.POP.TOTL
GBR,United Kingdom,2025,immigration_per_1000_pop,all,11.700030221480278,"per 1,000 population",legal,inflow,Derived: ONS Long-Term International Migration ÷ World Bank SP.POP.TOTL
GBR,United Kingdom,2018,irregular_arrivals,air,4769.0,detections,irregular,count,Home Office Immigration System Statistics
GBR,United Kingdom,2019,irregular_arrivals,air,5237.0,detections,irregular,count,Home Office Immigration System Statistics
GBR,United Kingdom,2020,irregular_arrivals,air,2328.0,detections,irregular,count,Home Office Immigration System Statistics
GBR,United Kingdom,2021,irregular_arrivals,air,2561.0,detections,irregular,count,Home Office Immigration System Statistics
GBR,United Kingdom,2022,irregular_arrivals,air,5130.0,detections,irregular,count,Home Office Immigration System Statistics
GBR,United Kingdom,2023,irregular_arrivals,air,3854.0,detections,irregular,count,Home Office Immigration System Statistics
GBR,United Kingdom,2024,irregular_arrivals,air,3349.0,detections,irregular,count,Home Office Immigration System Statistics
GBR,United Kingdom,2025,irregular_arrivals,air,3027.0,detections,irregular,count,Home Office Immigration System Statistics
GBR,United Kingdom,2018,irregular_arrivals,all,13377.0,detections,irregular,count,Home Office Immigration System Statistics
GBR,United Kingdom,2019,irregular_arrivals,all,16531.0,detections,irregular,count,Home Office Immigration System Statistics
GBR,United Kingdom,2020,irregular_arrivals,all,17030.0,detections,irregular,count,Home Office Immigration System Statistics
GBR,United Kingdom,2021,irregular_arrivals,all,36785.0,detections,irregular,count,Home Office Immigration System Statistics
GBR,United Kingdom,2022,irregular_arrivals,all,54574.0,detections,irregular,count,Home Office Immigration System Statistics
GBR,United Kingdom,2023,irregular_arrivals,all,36363.0,detections,irregular,count,Home Office Immigration System Statistics
GBR,United Kingdom,2024,irregular_arrivals,all,43290.0,detections,irregular,count,Home Office Immigration System Statistics
GBR,United Kingdom,2025,irregular_arrivals,all,46497.0,detections,irregular,count,Home Office Immigration System Statistics
GBR,United Kingdom,2018,irregular_arrivals,in_country,7257.0,detections,irregular,count,Home Office Immigration System Statistics
GBR,United Kingdom,2019,irregular_arrivals,in_country,8492.0,detections,irregular,count,Home Office Immigration System Statistics
GBR,United Kingdom,2020,irregular_arrivals,in_country,5428.0,detections,irregular,count,Home Office Immigration System Statistics
GBR,United Kingdom,2021,irregular_arrivals,in_country,5036.0,detections,irregular,count,Home Office Immigration System Statistics
GBR,United Kingdom,2022,irregular_arrivals,in_country,3379.0,detections,irregular,count,Home Office Immigration System Statistics
GBR,United Kingdom,2023,irregular_arrivals,in_country,2836.0,detections,irregular,count,Home Office Immigration System Statistics
GBR,United Kingdom,2024,irregular_arrivals,in_country,2900.0,detections,irregular,count,Home Office Immigration System Statistics
GBR,United Kingdom,2025,irregular_arrivals,in_country,1817.0,detections,irregular,count,Home Office Immigration System Statistics
GBR,United Kingdom,2018,irregular_arrivals,port,1052.0,detections,irregular,count,Home Office Immigration System Statistics
GBR,United Kingdom,2019,irregular_arrivals,port,959.0,detections,irregular,count,Home Office Immigration System Statistics
GBR,United Kingdom,2020,irregular_arrivals,port,808.0,detections,irregular,count,Home Office Immigration System Statistics
GBR,United Kingdom,2021,irregular_arrivals,port,662.0,detections,irregular,count,Home Office Immigration System Statistics
GBR,United Kingdom,2022,irregular_arrivals,port,291.0,detections,irregular,count,Home Office Immigration System Statistics
GBR,United Kingdom,2023,irregular_arrivals,port,236.0,detections,irregular,count,Home Office Immigration System Statistics
GBR,United Kingdom,2024,irregular_arrivals,port,225.0,detections,irregular,count,Home Office Immigration System Statistics
GBR,United Kingdom,2025,irregular_arrivals,port,181.0,detections,irregular,count,Home Office Immigration System Statistics
GBR,United Kingdom,2018,irregular_arrivals,small_boat,299.0,detections,irregular,count,Home Office Immigration System Statistics
GBR,United Kingdom,2019,irregular_arrivals,small_boat,1843.0,detections,irregular,count,Home Office Immigration System Statistics
GBR,United Kingdom,2020,irregular_arrivals,small_boat,8466.0,detections,irregular,count,Home Office Immigration System Statistics
GBR,United Kingdom,2021,irregular_arrivals,small_boat,28526.0,detections,irregular,count,Home Office Immigration System Statistics
GBR,United Kingdom,2022,irregular_arrivals,small_boat,45774.0,detections,irregular,count,Home Office Immigration System Statistics
GBR,United Kingdom,2023,irregular_arrivals,small_boat,29437.0,detections,irregular,count,Home Office Immigration System Statistics
GBR,United Kingdom,2024,irregular_arrivals,small_boat,36816.0,detections,irregular,count,Home Office Immigration System Statistics
GBR,United Kingdom,2025,irregular_arrivals,small_boat,41472.0,detections,irregular,count,Home Office Immigration System Statistics
GBR,United Kingdom,2018,irregular_arrivals_per_1000_pop,all,0.20180427534810746,"per 1,000 population",irregular,count,Derived: Home Office Immigration System Statistics ÷ World Bank SP.POP.TOTL
GBR,United Kingdom,2019,irregular_arrivals_per_1000_pop,all,0.24810890316383505,"per 1,000 population",irregular,count,Derived: Home Office Immigration System Statistics ÷ World Bank SP.POP.TOTL
GBR,United Kingdom,2020,irregular_arrivals_per_1000_pop,all,0.2551693137548697,"per 1,000 population",irregular,count,Derived: Home Office Immigration System Statistics ÷ World Bank SP.POP.TOTL
GBR,United Kingdom,2021,irregular_arrivals_per_1000_pop,all,0.5492101884200782,"per 1,000 population",irregular,count,Derived: Home Office Immigration System Statistics ÷ World Bank SP.POP.TOTL
GBR,United Kingdom,2022,irregular_arrivals_per_1000_pop,all,0.8068779939677094,"per 1,000 population",irregular,count,Derived: Home Office Immigration System Statistics ÷ World Bank SP.POP.TOTL
GBR,United Kingdom,2023,irregular_arrivals_per_1000_pop,all,0.5306453025129149,"per 1,000 population",irregular,count,Derived: Home Office Immigration System Statistics ÷ World Bank SP.POP.TOTL
GBR,United Kingdom,2024,irregular_arrivals_per_1000_pop,all,0.6248466390496673,"per 1,000 population",irregular,count,Derived: Home Office Immigration System Statistics ÷ World Bank SP.POP.TOTL
GBR,United Kingdom,2025,irregular_arrivals_per_1000_pop,all,0.6691467468735159,"per 1,000 population",irregular,count,Derived: Home Office Immigration System Statistics ÷ World Bank SP.POP.TOTL
GBR,United Kingdom,1990,migrant_stock,all,3664896.0,people,total,stock,World Bank WDI
GBR,United Kingdom,1995,migrant_stock,all,4173053.0,people,total,stock,World Bank WDI
GBR,United Kingdom,2000,migrant_stock,all,4747902.0,people,total,stock,World Bank WDI
GBR,United Kingdom,2005,migrant_stock,all,5989992.0,people,total,stock,World Bank WDI
GBR,United Kingdom,2010,migrant_stock,all,7713303.0,people,total,stock,World Bank WDI
GBR,United Kingdom,2015,migrant_stock,all,9071431.0,people,total,stock,World Bank WDI
GBR,United Kingdom,2020,migrant_stock,all,10520870.0,people,total,stock,World Bank WDI
GBR,United Kingdom,2024,migrant_stock,all,11845479.0,people,total,stock,World Bank WDI
GBR,United Kingdom,1990,migrant_stock_pct,all,6.4,% of population,total,stock,World Bank WDI
GBR,United Kingdom,1995,migrant_stock_pct,all,7.2,% of population,total,stock,World Bank WDI
GBR,United Kingdom,2000,migrant_stock_pct,all,8.0,% of population,total,stock,World Bank WDI
GBR,United Kingdom,2005,migrant_stock_pct,all,9.9,% of population,total,stock,World Bank WDI
GBR,United Kingdom,2010,migrant_stock_pct,all,12.2,% of population,total,stock,World Bank WDI
GBR,United Kingdom,2015,migrant_stock_pct,all,13.9,% of population,total,stock,World Bank WDI
GBR,United Kingdom,2020,migrant_stock_pct,all,15.6,% of population,total,stock,World Bank WDI
GBR,United Kingdom,2024,migrant_stock_pct,all,17.1,% of population,total,stock,World Bank WDI
GBR,United Kingdom,2012,net_migration,all,195000.0,people,total,net,ONS Long-Term International Migration
GBR,United Kingdom,2013,net_migration,all,244000.0,people,total,net,ONS Long-Term International Migration
GBR,United Kingdom,2014,net_migration,all,284000.0,people,total,net,ONS Long-Term International Migration
GBR,United Kingdom,2015,net_migration,all,303000.0,people,total,net,ONS Long-Term International Migration
GBR,United Kingdom,2016,net_migration,all,249000.0,people,total,net,ONS Long-Term International Migration
GBR,United Kingdom,2017,net_migration,all,208000.0,people,total,net,ONS Long-Term International Migration
GBR,United Kingdom,2018,net_migration,all,276000.0,people,total,net,ONS Long-Term International Migration
GBR,United Kingdom,2019,net_migration,all,184000.0,people,total,net,ONS Long-Term International Migration
GBR,United Kingdom,2020,net_migration,all,93000.0,people,total,net,ONS Long-Term International Migration
GBR,United Kingdom,2021,net_migration,all,467000.0,people,total,net,ONS Long-Term International Migration
GBR,United Kingdom,2022,net_migration,all,891000.0,people,total,net,ONS Long-Term International Migration
GBR,United Kingdom,2023,net_migration,all,848000.0,people,total,net,ONS Long-Term International Migration
GBR,United Kingdom,2024,net_migration,all,331000.0,people,total,net,ONS Long-Term International Migration
GBR,United Kingdom,2025,net_migration,all,171000.0,people,total,net,ONS Long-Term International Migration
GBR,United Kingdom,2012,net_migration_per_1000_pop,all,3.060695955172576,"per 1,000 population",total,net,Derived: ONS Long-Term International Migration ÷ World Bank SP.POP.TOTL
GBR,United Kingdom,2013,net_migration_per_1000_pop,all,3.804296984626898,"per 1,000 population",total,net,Derived: ONS Long-Term International Migration ÷ World Bank SP.POP.TOTL
GBR,United Kingdom,2014,net_migration_per_1000_pop,all,4.39499218496108,"per 1,000 population",total,net,Derived: ONS Long-Term International Migration ÷ World Bank SP.POP.TOTL
GBR,United Kingdom,2015,net_migration_per_1000_pop,all,4.6553075114846285,"per 1,000 population",total,net,Derived: ONS Long-Term International Migration ÷ World Bank SP.POP.TOTL
GBR,United Kingdom,2016,net_migration_per_1000_pop,all,3.79538456848459,"per 1,000 population",total,net,Derived: ONS Long-Term International Migration ÷ World Bank SP.POP.TOTL
GBR,United Kingdom,2017,net_migration_per_1000_pop,all,3.1532350979322055,"per 1,000 population",total,net,Derived: ONS Long-Term International Migration ÷ World Bank SP.POP.TOTL
GBR,United Kingdom,2018,net_migration_per_1000_pop,all,4.163712341786474,"per 1,000 population",total,net,Derived: ONS Long-Term International Migration ÷ World Bank SP.POP.TOTL
GBR,United Kingdom,2019,net_migration_per_1000_pop,all,2.7616017290028214,"per 1,000 population",total,net,Derived: ONS Long-Term International Migration ÷ World Bank SP.POP.TOTL
GBR,United Kingdom,2020,net_migration_per_1000_pop,all,1.3934671860952952,"per 1,000 population",total,net,Derived: ONS Long-Term International Migration ÷ World Bank SP.POP.TOTL
GBR,United Kingdom,2021,net_migration_per_1000_pop,all,6.97243871121861,"per 1,000 population",total,net,Derived: ONS Long-Term International Migration ÷ World Bank SP.POP.TOTL
GBR,United Kingdom,2022,net_migration_per_1000_pop,all,13.173457921816784,"per 1,000 population",total,net,Derived: ONS Long-Term International Migration ÷ World Bank SP.POP.TOTL
GBR,United Kingdom,2023,net_migration_per_1000_pop,all,12.374865014738932,"per 1,000 population",total,net,Derived: ONS Long-Term International Migration ÷ World Bank SP.POP.TOTL
GBR,United Kingdom,2024,net_migration_per_1000_pop,all,4.777644664482326,"per 1,000 population",total,net,Derived: ONS Long-Term International Migration ÷ World Bank SP.POP.TOTL
GBR,United Kingdom,2025,net_migration_per_1000_pop,all,2.460891965403601,"per 1,000 population",total,net,Derived: ONS Long-Term International Migration ÷ World Bank SP.POP.TOTL
GBR,United Kingdom,1960,net_migration_wb,all,19953.0,people,total,net,World Bank WDI
GBR,United Kingdom,1961,net_migration_wb,all,52295.0,people,total,net,World Bank WDI
GBR,United Kingdom,1962,net_migration_wb,all,76443.0,people,total,net,World Bank WDI
GBR,United Kingdom,1963,net_migration_wb,all,8271.0,people,total,net,World Bank WDI
GBR,United Kingdom,1964,net_migration_wb,all,-23885.0,people,total,net,World Bank WDI
GBR,United Kingdom,1965,net_migration_wb,all,-24955.0,people,total,net,World Bank WDI
GBR,United Kingdom,1966,net_migration_wb,all,-27935.0,people,total,net,World Bank WDI
GBR,United Kingdom,1967,net_migration_wb,all,-39659.0,people,total,net,World Bank WDI
GBR,United Kingdom,1968,net_migration_wb,all,-38852.0,people,total,net,World Bank WDI
GBR,United Kingdom,1969,net_migration_wb,all,-60655.0,people,total,net,World Bank WDI
GBR,United Kingdom,1970,net_migration_wb,all,-15254.0,people,total,net,World Bank WDI
GBR,United Kingdom,1971,net_migration_wb,all,1175.0,people,total,net,World Bank WDI
GBR,United Kingdom,1972,net_migration_wb,all,-1406.0,people,total,net,World Bank WDI
GBR,United Kingdom,1973,net_migration_wb,all,-33840.0,people,total,net,World Bank WDI
GBR,United Kingdom,1974,net_migration_wb,all,-65710.0,people,total,net,World Bank WDI
GBR,United Kingdom,1975,net_migration_wb,all,-40241.0,people,total,net,World Bank WDI
GBR,United Kingdom,1976,net_migration_wb,all,-19135.0,people,total,net,World Bank WDI
GBR,United Kingdom,1977,net_migration_wb,all,-21636.0,people,total,net,World Bank WDI
GBR,United Kingdom,1978,net_migration_wb,all,3783.0,people,total,net,World Bank WDI
GBR,United Kingdom,1979,net_migration_wb,all,11255.0,people,total,net,World Bank WDI
GBR,United Kingdom,1980,net_migration_wb,all,-25187.0,people,total,net,World Bank WDI
GBR,United Kingdom,1981,net_migration_wb,all,-83876.0,people,total,net,World Bank WDI
GBR,United Kingdom,1982,net_migration_wb,all,-61152.0,people,total,net,World Bank WDI
GBR,United Kingdom,1983,net_migration_wb,all,27063.0,people,total,net,World Bank WDI
GBR,United Kingdom,1984,net_migration_wb,all,71107.0,people,total,net,World Bank WDI
GBR,United Kingdom,1985,net_migration_wb,all,83164.0,people,total,net,World Bank WDI
GBR,United Kingdom,1986,net_migration_wb,all,41836.0,people,total,net,World Bank WDI
GBR,United Kingdom,1987,net_migration_wb,all,8266.0,people,total,net,World Bank WDI
GBR,United Kingdom,1988,net_migration_wb,all,13952.0,people,total,net,World Bank WDI
GBR,United Kingdom,1989,net_migration_wb,all,49586.0,people,total,net,World Bank WDI
GBR,United Kingdom,1990,net_migration_wb,all,57132.0,people,total,net,World Bank WDI
GBR,United Kingdom,1991,net_migration_wb,all,27601.0,people,total,net,World Bank WDI
GBR,United Kingdom,1992,net_migration_wb,all,17846.0,people,total,net,World Bank WDI
GBR,United Kingdom,1993,net_migration_wb,all,27403.0,people,total,net,World Bank WDI
GBR,United Kingdom,1994,net_migration_wb,all,45339.0,people,total,net,World Bank WDI
GBR,United Kingdom,1995,net_migration_wb,all,61385.0,people,total,net,World Bank WDI
GBR,United Kingdom,1996,net_migration_wb,all,54964.0,people,total,net,World Bank WDI
GBR,United Kingdom,1997,net_migration_wb,all,59723.0,people,total,net,World Bank WDI
GBR,United Kingdom,1998,net_migration_wb,all,125541.0,people,total,net,World Bank WDI
GBR,United Kingdom,1999,net_migration_wb,all,152653.0,people,total,net,World Bank WDI
GBR,United Kingdom,2000,net_migration_wb,all,153917.0,people,total,net,World Bank WDI
GBR,United Kingdom,2001,net_migration_wb,all,175133.0,people,total,net,World Bank WDI
GBR,United Kingdom,2002,net_migration_wb,all,203577.0,people,total,net,World Bank WDI
GBR,United Kingdom,2003,net_migration_wb,all,211846.0,people,total,net,World Bank WDI
GBR,United Kingdom,2004,net_migration_wb,all,276077.0,people,total,net,World Bank WDI
GBR,United Kingdom,2005,net_migration_wb,all,308279.0,people,total,net,World Bank WDI
GBR,United Kingdom,2006,net_migration_wb,all,288923.0,people,total,net,World Bank WDI
GBR,United Kingdom,2007,net_migration_wb,all,309385.0,people,total,net,World Bank WDI
GBR,United Kingdom,2008,net_migration_wb,all,263390.0,people,total,net,World Bank WDI
GBR,United Kingdom,2009,net_migration_wb,all,249639.0,people,total,net,World Bank WDI
GBR,United Kingdom,2010,net_migration_wb,all,274811.0,people,total,net,World Bank WDI
GBR,United Kingdom,2011,net_migration_wb,all,228773.0,people,total,net,World Bank WDI
GBR,United Kingdom,2012,net_migration_wb,all,172088.0,people,total,net,World Bank WDI
GBR,United Kingdom,2013,net_migration_wb,all,237272.0,people,total,net,World Bank WDI
GBR,United Kingdom,2014,net_migration_wb,all,306091.0,people,total,net,World Bank WDI
GBR,United Kingdom,2015,net_migration_wb,all,347839.0,people,total,net,World Bank WDI
GBR,United Kingdom,2016,net_migration_wb,all,324649.0,people,total,net,World Bank WDI
GBR,United Kingdom,2017,net_migration_wb,all,272311.0,people,total,net,World Bank WDI
GBR,United Kingdom,2018,net_migration_wb,all,259744.0,people,total,net,World Bank WDI
GBR,United Kingdom,2019,net_migration_wb,all,232727.0,people,total,net,World Bank WDI
GBR,United Kingdom,2020,net_migration_wb,all,144221.0,people,total,net,World Bank WDI
GBR,United Kingdom,2021,net_migration_wb,all,462967.0,people,total,net,World Bank WDI
GBR,United Kingdom,2022,net_migration_wb,all,487029.0,people,total,net,World Bank WDI
GBR,United Kingdom,2023,net_migration_wb,all,445523.0,people,total,net,World Bank WDI
GBR,United Kingdom,2024,net_migration_wb,all,417114.0,people,total,net,World Bank WDI
GBR,United Kingdom,2025,net_migration_wb,all,389911.0,people,total,net,World Bank WDI
GBR,United Kingdom,1960,net_migration_wb_per_1000_pop,all,0.3807824427480916,"per 1,000 population",total,net,Derived: World Bank WDI ÷ World Bank SP.POP.TOTL
GBR,United Kingdom,1961,net_migration_wb_per_1000_pop,all,0.990435606060606,"per 1,000 population",total,net,Derived: World Bank WDI ÷ World Bank SP.POP.TOTL
GBR,United Kingdom,1962,net_migration_wb_per_1000_pop,all,1.435549295774648,"per 1,000 population",total,net,Derived: World Bank WDI ÷ World Bank SP.POP.TOTL
GBR,United Kingdom,1963,net_migration_wb_per_1000_pop,all,0.154165890027959,"per 1,000 population",total,net,Derived: World Bank WDI ÷ World Bank SP.POP.TOTL
GBR,United Kingdom,1964,net_migration_wb_per_1000_pop,all,-0.4423148148148148,"per 1,000 population",total,net,Derived: World Bank WDI ÷ World Bank SP.POP.TOTL
GBR,United Kingdom,1965,net_migration_wb_per_1000_pop,all,-0.45917010821915416,"per 1,000 population",total,net,Derived: World Bank WDI ÷ World Bank SP.POP.TOTL
GBR,United Kingdom,1966,net_migration_wb_per_1000_pop,all,-0.5111759700632222,"per 1,000 population",total,net,Derived: World Bank WDI ÷ World Bank SP.POP.TOTL
GBR,United Kingdom,1967,net_migration_wb_per_1000_pop,all,-0.7218129136059522,"per 1,000 population",total,net,Derived: World Bank WDI ÷ World Bank SP.POP.TOTL
GBR,United Kingdom,1968,net_migration_wb_per_1000_pop,all,-0.7036914277227472,"per 1,000 population",total,net,Derived: World Bank WDI ÷ World Bank SP.POP.TOTL
GBR,United Kingdom,1969,net_migration_wb_per_1000_pop,all,-1.0940311227549635,"per 1,000 population",total,net,Derived: World Bank WDI ÷ World Bank SP.POP.TOTL
GBR,United Kingdom,1970,net_migration_wb_per_1000_pop,all,-0.27404077196354865,"per 1,000 population",total,net,Derived: World Bank WDI ÷ World Bank SP.POP.TOTL
GBR,United Kingdom,1971,net_migration_wb_per_1000_pop,all,0.021021098330740524,"per 1,000 population",total,net,Derived: World Bank WDI ÷ World Bank SP.POP.TOTL
GBR,United Kingdom,1972,net_migration_wb_per_1000_pop,all,-0.02506861552865226,"per 1,000 population",total,net,Derived: World Bank WDI ÷ World Bank SP.POP.TOTL
GBR,United Kingdom,1973,net_migration_wb_per_1000_pop,all,-0.6021938755708364,"per 1,000 population",total,net,Derived: World Bank WDI ÷ World Bank SP.POP.TOTL
GBR,United Kingdom,1974,net_migration_wb_per_1000_pop,all,-1.16859381795197,"per 1,000 population",total,net,Derived: World Bank WDI ÷ World Bank SP.POP.TOTL
GBR,United Kingdom,1975,net_migration_wb_per_1000_pop,all,-0.7157034670916199,"per 1,000 population",total,net,Derived: World Bank WDI ÷ World Bank SP.POP.TOTL
GBR,United Kingdom,1976,net_migration_wb_per_1000_pop,all,-0.3404079359043256,"per 1,000 population",total,net,Derived: World Bank WDI ÷ World Bank SP.POP.TOTL
GBR,United Kingdom,1977,net_migration_wb_per_1000_pop,all,-0.3850267927823386,"per 1,000 population",total,net,Derived: World Bank WDI ÷ World Bank SP.POP.TOTL
GBR,United Kingdom,1978,net_migration_wb_per_1000_pop,all,0.0673173548304713,"per 1,000 population",total,net,Derived: World Bank WDI ÷ World Bank SP.POP.TOTL
GBR,United Kingdom,1979,net_migration_wb_per_1000_pop,all,0.200099735183868,"per 1,000 population",total,net,Derived: World Bank WDI ÷ World Bank SP.POP.TOTL
GBR,United Kingdom,1980,net_migration_wb_per_1000_pop,all,-0.44725829087277,"per 1,000 population",total,net,Derived: World Bank WDI ÷ World Bank SP.POP.TOTL
GBR,United Kingdom,1981,net_migration_wb_per_1000_pop,all,-1.4889099762773093,"per 1,000 population",total,net,Derived: World Bank WDI ÷ World Bank SP.POP.TOTL
GBR,United Kingdom,1982,net_migration_wb_per_1000_pop,all,-1.085918063795591,"per 1,000 population",total,net,Derived: World Bank WDI ÷ World Bank SP.POP.TOTL
GBR,United Kingdom,1983,net_migration_wb_per_1000_pop,all,0.48041242296146647,"per 1,000 population",total,net,Derived: World Bank WDI ÷ World Bank SP.POP.TOTL
GBR,United Kingdom,1984,net_migration_wb_per_1000_pop,all,1.2602692081212472,"per 1,000 population",total,net,Derived: World Bank WDI ÷ World Bank SP.POP.TOTL
GBR,United Kingdom,1985,net_migration_wb_per_1000_pop,all,1.4706207935212614,"per 1,000 population",total,net,Derived: World Bank WDI ÷ World Bank SP.POP.TOTL
GBR,United Kingdom,1986,net_migration_wb_per_1000_pop,all,0.7380905015112895,"per 1,000 population",total,net,Derived: World Bank WDI ÷ World Bank SP.POP.TOTL
GBR,United Kingdom,1987,net_migration_wb_per_1000_pop,all,0.14552291686655675,"per 1,000 population",total,net,Derived: World Bank WDI ÷ World Bank SP.POP.TOTL
GBR,United Kingdom,1988,net_migration_wb_per_1000_pop,all,0.24508009870024813,"per 1,000 population",total,net,Derived: World Bank WDI ÷ World Bank SP.POP.TOTL
GBR,United Kingdom,1989,net_migration_wb_per_1000_pop,all,0.868760640394994,"per 1,000 population",total,net,Derived: World Bank WDI ÷ World Bank SP.POP.TOTL
GBR,United Kingdom,1990,net_migration_wb_per_1000_pop,all,0.997980945432354,"per 1,000 population",total,net,Derived: World Bank WDI ÷ World Bank SP.POP.TOTL
GBR,United Kingdom,1991,net_migration_wb_per_1000_pop,all,0.48064518078282314,"per 1,000 population",total,net,Derived: World Bank WDI ÷ World Bank SP.POP.TOTL
GBR,United Kingdom,1992,net_migration_wb_per_1000_pop,all,0.30993184104550014,"per 1,000 population",total,net,Derived: World Bank WDI ÷ World Bank SP.POP.TOTL
GBR,United Kingdom,1993,net_migration_wb_per_1000_pop,all,0.4747688501321255,"per 1,000 population",total,net,Derived: World Bank WDI ÷ World Bank SP.POP.TOTL
GBR,United Kingdom,1994,net_migration_wb_per_1000_pop,all,0.783520543976406,"per 1,000 population",total,net,Derived: World Bank WDI ÷ World Bank SP.POP.TOTL
GBR,United Kingdom,1995,net_migration_wb_per_1000_pop,all,1.0580149306184539,"per 1,000 population",total,net,Derived: World Bank WDI ÷ World Bank SP.POP.TOTL
GBR,United Kingdom,1996,net_migration_wb_per_1000_pop,all,0.9449352252438885,"per 1,000 population",total,net,Derived: World Bank WDI ÷ World Bank SP.POP.TOTL
GBR,United Kingdom,1997,net_migration_wb_per_1000_pop,all,1.0241104156434508,"per 1,000 population",total,net,Derived: World Bank WDI ÷ World Bank SP.POP.TOTL
GBR,United Kingdom,1998,net_migration_wb_per_1000_pop,all,2.146471820190356,"per 1,000 population",total,net,Derived: World Bank WDI ÷ World Bank SP.POP.TOTL
GBR,United Kingdom,1999,net_migration_wb_per_1000_pop,all,2.601339214340447,"per 1,000 population",total,net,Derived: World Bank WDI ÷ World Bank SP.POP.TOTL
GBR,United Kingdom,2000,net_migration_wb_per_1000_pop,all,2.613524021066582,"per 1,000 population",total,net,Derived: World Bank WDI ÷ World Bank SP.POP.TOTL
GBR,United Kingdom,2001,net_migration_wb_per_1000_pop,all,2.962347237610736,"per 1,000 population",total,net,Derived: World Bank WDI ÷ World Bank SP.POP.TOTL
GBR,United Kingdom,2002,net_migration_wb_per_1000_pop,all,3.428926352438558,"per 1,000 population",total,net,Derived: World Bank WDI ÷ World Bank SP.POP.TOTL
GBR,United Kingdom,2003,net_migration_wb_per_1000_pop,all,3.5516279227905603,"per 1,000 population",total,net,Derived: World Bank WDI ÷ World Bank SP.POP.TOTL
GBR,United Kingdom,2004,net_migration_wb_per_1000_pop,all,4.6022110623799914,"per 1,000 population",total,net,Derived: World Bank WDI ÷ World Bank SP.POP.TOTL
GBR,United Kingdom,2005,net_migration_wb_per_1000_pop,all,5.103855045543296,"per 1,000 population",total,net,Derived: World Bank WDI ÷ World Bank SP.POP.TOTL
GBR,United Kingdom,2006,net_migration_wb_per_1000_pop,all,4.748366471740019,"per 1,000 population",total,net,Derived: World Bank WDI ÷ World Bank SP.POP.TOTL
GBR,United Kingdom,2007,net_migration_wb_per_1000_pop,all,5.045214834244345,"per 1,000 population",total,net,Derived: World Bank WDI ÷ World Bank SP.POP.TOTL
GBR,United Kingdom,2008,net_migration_wb_per_1000_pop,all,4.261491761571647,"per 1,000 population",total,net,Derived: World Bank WDI ÷ World Bank SP.POP.TOTL
GBR,United Kingdom,2009,net_migration_wb_per_1000_pop,all,4.00857341006454,"per 1,000 population",total,net,Derived: World Bank WDI ÷ World Bank SP.POP.TOTL
GBR,United Kingdom,2010,net_migration_wb_per_1000_pop,all,4.378316316390156,"per 1,000 population",total,net,Derived: World Bank WDI ÷ World Bank SP.POP.TOTL
GBR,United Kingdom,2011,net_migration_wb_per_1000_pop,all,3.616460695356109,"per 1,000 population",total,net,Derived: World Bank WDI ÷ World Bank SP.POP.TOTL
GBR,United Kingdom,2012,net_migration_wb_per_1000_pop,all,2.701072028378145,"per 1,000 population",total,net,Derived: World Bank WDI ÷ World Bank SP.POP.TOTL
GBR,United Kingdom,2013,net_migration_wb_per_1000_pop,all,3.699398172690137,"per 1,000 population",total,net,Derived: World Bank WDI ÷ World Bank SP.POP.TOTL
GBR,United Kingdom,2014,net_migration_wb_per_1000_pop,all,4.736857580587753,"per 1,000 population",total,net,Derived: World Bank WDI ÷ World Bank SP.POP.TOTL
GBR,United Kingdom,2015,net_migration_wb_per_1000_pop,all,5.344216202928388,"per 1,000 population",total,net,Derived: World Bank WDI ÷ World Bank SP.POP.TOTL
GBR,United Kingdom,2016,net_migration_wb_per_1000_pop,all,4.948465079413468,"per 1,000 population",total,net,Derived: World Bank WDI ÷ World Bank SP.POP.TOTL
GBR,United Kingdom,2017,net_migration_wb_per_1000_pop,all,4.12817597477412,"per 1,000 population",total,net,Derived: World Bank WDI ÷ World Bank SP.POP.TOTL
GBR,United Kingdom,2018,net_migration_wb_per_1000_pop,all,3.9184757192209636,"per 1,000 population",total,net,Derived: World Bank WDI ÷ World Bank SP.POP.TOTL
GBR,United Kingdom,2019,net_migration_wb_per_1000_pop,all,3.4929308999219546,"per 1,000 population",total,net,Derived: World Bank WDI ÷ World Bank SP.POP.TOTL
GBR,United Kingdom,2020,net_migration_wb_per_1000_pop,all,2.160937968234941,"per 1,000 population",total,net,Derived: World Bank WDI ÷ World Bank SP.POP.TOTL
GBR,United Kingdom,2021,net_migration_wb_per_1000_pop,all,6.912224909671832,"per 1,000 population",total,net,Derived: World Bank WDI ÷ World Bank SP.POP.TOTL
GBR,United Kingdom,2022,net_migration_wb_per_1000_pop,all,7.2007362942811515,"per 1,000 population",total,net,Derived: World Bank WDI ÷ World Bank SP.POP.TOTL
GBR,United Kingdom,2023,net_migration_wb_per_1000_pop,all,6.501517672124449,"per 1,000 population",total,net,Derived: World Bank WDI ÷ World Bank SP.POP.TOTL
GBR,United Kingdom,2024,net_migration_wb_per_1000_pop,all,6.020611711724715,"per 1,000 population",total,net,Derived: World Bank WDI ÷ World Bank SP.POP.TOTL
GBR,United Kingdom,2025,net_migration_wb_per_1000_pop,all,5.611279807733821,"per 1,000 population",total,net,Derived: World Bank WDI ÷ World Bank SP.POP.TOTL
GBR,United Kingdom,1960,uk_population,all,52400000.0,people,total,stock,World Bank WDI
GBR,United Kingdom,1961,uk_population,all,52800000.0,people,total,stock,World Bank WDI
GBR,United Kingdom,1962,uk_population,all,53250000.0,people,total,stock,World Bank WDI
GBR,United Kingdom,1963,uk_population,all,53650000.0,people,total,stock,World Bank WDI
GBR,United Kingdom,1964,uk_population,all,54000000.0,people,total,stock,World Bank WDI
GBR,United Kingdom,1965,uk_population,all,54348050.0,people,total,stock,World Bank WDI
GBR,United Kingdom,1966,uk_population,all,54648500.0,people,total,stock,World Bank WDI
GBR,United Kingdom,1967,uk_population,all,54943600.0,people,total,stock,World Bank WDI
GBR,United Kingdom,1968,uk_population,all,55211700.0,people,total,stock,World Bank WDI
GBR,United Kingdom,1969,uk_population,all,55441750.0,people,total,stock,World Bank WDI
GBR,United Kingdom,1970,uk_population,all,55663250.0,people,total,stock,World Bank WDI
GBR,United Kingdom,1971,uk_population,all,55896223.0,people,total,stock,World Bank WDI
GBR,United Kingdom,1972,uk_population,all,56086065.0,people,total,stock,World Bank WDI
GBR,United Kingdom,1973,uk_population,all,56194527.0,people,total,stock,World Bank WDI
GBR,United Kingdom,1974,uk_population,all,56229974.0,people,total,stock,World Bank WDI
GBR,United Kingdom,1975,uk_population,all,56225800.0,people,total,stock,World Bank WDI
GBR,United Kingdom,1976,uk_population,all,56211968.0,people,total,stock,World Bank WDI
GBR,United Kingdom,1977,uk_population,all,56193492.0,people,total,stock,World Bank WDI
GBR,United Kingdom,1978,uk_population,all,56196504.0,people,total,stock,World Bank WDI
GBR,United Kingdom,1979,uk_population,all,56246951.0,people,total,stock,World Bank WDI
GBR,United Kingdom,1980,uk_population,all,56314216.0,people,total,stock,World Bank WDI
GBR,United Kingdom,1981,uk_population,all,56333829.0,people,total,stock,World Bank WDI
GBR,United Kingdom,1982,uk_population,all,56313641.0,people,total,stock,World Bank WDI
GBR,United Kingdom,1983,uk_population,all,56332848.0,people,total,stock,World Bank WDI
GBR,United Kingdom,1984,uk_population,all,56422072.0,people,total,stock,World Bank WDI
GBR,United Kingdom,1985,uk_population,all,56550268.0,people,total,stock,World Bank WDI
GBR,United Kingdom,1986,uk_population,all,56681396.0,people,total,stock,World Bank WDI
GBR,United Kingdom,1987,uk_population,all,56802050.0,people,total,stock,World Bank WDI
GBR,United Kingdom,1988,uk_population,all,56928327.0,people,total,stock,World Bank WDI
GBR,United Kingdom,1989,uk_population,all,57076711.0,people,total,stock,World Bank WDI
GBR,United Kingdom,1990,uk_population,all,57247586.0,people,total,stock,World Bank WDI
GBR,United Kingdom,1991,uk_population,all,57424897.0,people,total,stock,World Bank WDI
GBR,United Kingdom,1992,uk_population,all,57580402.0,people,total,stock,World Bank WDI
GBR,United Kingdom,1993,uk_population,all,57718614.0,people,total,stock,World Bank WDI
GBR,United Kingdom,1994,uk_population,all,57865745.0,people,total,stock,World Bank WDI
GBR,United Kingdom,1995,uk_population,all,58019030.0,people,total,stock,World Bank WDI
GBR,United Kingdom,1996,uk_population,all,58166950.0,people,total,stock,World Bank WDI
GBR,United Kingdom,1997,uk_population,all,58316954.0,people,total,stock,World Bank WDI
GBR,United Kingdom,1998,uk_population,all,58487141.0,people,total,stock,World Bank WDI
GBR,United Kingdom,1999,uk_population,all,58682466.0,people,total,stock,World Bank WDI
GBR,United Kingdom,2000,uk_population,all,58892514.0,people,total,stock,World Bank WDI
GBR,United Kingdom,2001,uk_population,all,59119673.0,people,total,stock,World Bank WDI
GBR,United Kingdom,2002,uk_population,all,59370479.0,people,total,stock,World Bank WDI
GBR,United Kingdom,2003,uk_population,all,59647577.0,people,total,stock,World Bank WDI
GBR,United Kingdom,2004,uk_population,all,59987905.0,people,total,stock,World Bank WDI
GBR,United Kingdom,2005,uk_population,all,60401206.0,people,total,stock,World Bank WDI
GBR,United Kingdom,2006,uk_population,all,60846820.0,people,total,stock,World Bank WDI
GBR,United Kingdom,2007,uk_population,all,61322463.0,people,total,stock,World Bank WDI
GBR,United Kingdom,2008,uk_population,all,61806995.0,people,total,stock,World Bank WDI
GBR,United Kingdom,2009,uk_population,all,62276270.0,people,total,stock,World Bank WDI
GBR,United Kingdom,2010,uk_population,all,62766365.0,people,total,stock,World Bank WDI
GBR,United Kingdom,2011,uk_population,all,63258810.0,people,total,stock,World Bank WDI
GBR,United Kingdom,2012,uk_population,all,63711000.0,people,total,stock,World Bank WDI
GBR,United Kingdom,2013,uk_population,all,64138000.0,people,total,stock,World Bank WDI
GBR,United Kingdom,2014,uk_population,all,64619000.0,people,total,stock,World Bank WDI
GBR,United Kingdom,2015,uk_population,all,65087000.0,people,total,stock,World Bank WDI
GBR,United Kingdom,2016,uk_population,all,65606000.0,people,total,stock,World Bank WDI
GBR,United Kingdom,2017,uk_population,all,65964000.0,people,total,stock,World Bank WDI
GBR,United Kingdom,2018,uk_population,all,66287000.0,people,total,stock,World Bank WDI
GBR,United Kingdom,2019,uk_population,all,66628000.0,people,total,stock,World Bank WDI
GBR,United Kingdom,2020,uk_population,all,66740000.0,people,total,stock,World Bank WDI
GBR,United Kingdom,2021,uk_population,all,66978000.0,people,total,stock,World Bank WDI
GBR,United Kingdom,2022,uk_population,all,67636000.0,people,total,stock,World Bank WDI
GBR,United Kingdom,2023,uk_population,all,68526000.0,people,total,stock,World Bank WDI
GBR,United Kingdom,2024,uk_population,all,69281000.0,people,total,stock,World Bank WDI
GBR,United Kingdom,2025,uk_population,all,69487000.0,people,total,stock,World Bank WDI
GBR,United Kingdom,2005,visas_granted,family,66343.0,visas issued,legal,count,Home Office Immigration System Statistics
GBR,United Kingdom,2006,visas_granted,family,70155.0,visas issued,legal,count,Home Office Immigration System Statistics
GBR,United Kingdom,2007,visas_granted,family,64427.0,visas issued,legal,count,Home Office Immigration System Statistics
GBR,United Kingdom,2008,visas_granted,family,53584.0,visas issued,legal,count,Home Office Immigration System Statistics
GBR,United Kingdom,2009,visas_granted,family,49212.0,visas issued,legal,count,Home Office Immigration System Statistics
GBR,United Kingdom,2010,visas_granted,family,52361.0,visas issued,legal,count,Home Office Immigration System Statistics
GBR,United Kingdom,2011,visas_granted,family,45041.0,visas issued,legal,count,Home Office Immigration System Statistics
GBR,United Kingdom,2012,visas_granted,family,40231.0,visas issued,legal,count,Home Office Immigration System Statistics
GBR,United Kingdom,2013,visas_granted,family,33133.0,visas issued,legal,count,Home Office Immigration System Statistics
GBR,United Kingdom,2014,visas_granted,family,34852.0,visas issued,legal,count,Home Office Immigration System Statistics
GBR,United Kingdom,2015,visas_granted,family,37711.0,visas issued,legal,count,Home Office Immigration System Statistics
GBR,United Kingdom,2016,visas_granted,family,37781.0,visas issued,legal,count,Home Office Immigration System Statistics
GBR,United Kingdom,2017,visas_granted,family,40123.0,visas issued,legal,count,Home Office Immigration System Statistics
GBR,United Kingdom,2018,visas_granted,family,43620.0,visas issued,legal,count,Home Office Immigration System Statistics
GBR,United Kingdom,2019,visas_granted,family,55643.0,visas issued,legal,count,Home Office Immigration System Statistics
GBR,United Kingdom,2020,visas_granted,family,37087.0,visas issued,legal,count,Home Office Immigration System Statistics
GBR,United Kingdom,2021,visas_granted,family,42182.0,visas issued,legal,count,Home Office Immigration System Statistics
GBR,United Kingdom,2022,visas_granted,family,47119.0,visas issued,legal,count,Home Office Immigration System Statistics
GBR,United Kingdom,2023,visas_granted,family,80083.0,visas issued,legal,count,Home Office Immigration System Statistics
GBR,United Kingdom,2024,visas_granted,family,85161.0,visas issued,legal,count,Home Office Immigration System Statistics
GBR,United Kingdom,2025,visas_granted,family,66610.0,visas issued,legal,count,Home Office Immigration System Statistics
GBR,United Kingdom,2005,visas_granted,other,124084.0,visas issued,legal,count,Home Office Immigration System Statistics
GBR,United Kingdom,2006,visas_granted,other,123524.0,visas issued,legal,count,Home Office Immigration System Statistics
GBR,United Kingdom,2007,visas_granted,other,118840.0,visas issued,legal,count,Home Office Immigration System Statistics
GBR,United Kingdom,2008,visas_granted,other,104875.0,visas issued,legal,count,Home Office Immigration System Statistics
GBR,United Kingdom,2009,visas_granted,other,84878.0,visas issued,legal,count,Home Office Immigration System Statistics
GBR,United Kingdom,2010,visas_granted,other,79261.0,visas issued,legal,count,Home Office Immigration System Statistics
GBR,United Kingdom,2011,visas_granted,other,74942.0,visas issued,legal,count,Home Office Immigration System Statistics
GBR,United Kingdom,2012,visas_granted,other,70784.0,visas issued,legal,count,Home Office Immigration System Statistics
GBR,United Kingdom,2013,visas_granted,other,73561.0,visas issued,legal,count,Home Office Immigration System Statistics
GBR,United Kingdom,2014,visas_granted,other,74366.0,visas issued,legal,count,Home Office Immigration System Statistics
GBR,United Kingdom,2015,visas_granted,other,78043.0,visas issued,legal,count,Home Office Immigration System Statistics
GBR,United Kingdom,2016,visas_granted,other,80088.0,visas issued,legal,count,Home Office Immigration System Statistics
GBR,United Kingdom,2017,visas_granted,other,77116.0,visas issued,legal,count,Home Office Immigration System Statistics
GBR,United Kingdom,2018,visas_granted,other,88046.0,visas issued,legal,count,Home Office Immigration System Statistics
GBR,United Kingdom,2019,visas_granted,other,105566.0,visas issued,legal,count,Home Office Immigration System Statistics
GBR,United Kingdom,2020,visas_granted,other,59312.0,visas issued,legal,count,Home Office Immigration System Statistics
GBR,United Kingdom,2021,visas_granted,other,181483.0,visas issued,legal,count,Home Office Immigration System Statistics
GBR,United Kingdom,2022,visas_granted,other,335153.0,visas issued,legal,count,Home Office Immigration System Statistics
GBR,United Kingdom,2023,visas_granted,other,134508.0,visas issued,legal,count,Home Office Immigration System Statistics
GBR,United Kingdom,2024,visas_granted,other,95700.0,visas issued,legal,count,Home Office Immigration System Statistics
GBR,United Kingdom,2025,visas_granted,other,72539.0,visas issued,legal,count,Home Office Immigration System Statistics
GBR,United Kingdom,2005,visas_granted,study,207418.0,visas issued,legal,count,Home Office Immigration System Statistics
GBR,United Kingdom,2006,visas_granted,study,234329.0,visas issued,legal,count,Home Office Immigration System Statistics
GBR,United Kingdom,2007,visas_granted,study,246196.0,visas issued,legal,count,Home Office Immigration System Statistics
GBR,United Kingdom,2008,visas_granted,study,274213.0,visas issued,legal,count,Home Office Immigration System Statistics
GBR,United Kingdom,2009,visas_granted,study,341064.0,visas issued,legal,count,Home Office Immigration System Statistics
GBR,United Kingdom,2010,visas_granted,study,334735.0,visas issued,legal,count,Home Office Immigration System Statistics
GBR,United Kingdom,2011,visas_granted,study,323276.0,visas issued,legal,count,Home Office Immigration System Statistics
GBR,United Kingdom,2012,visas_granted,study,278100.0,visas issued,legal,count,Home Office Immigration System Statistics
GBR,United Kingdom,2013,visas_granted,study,296226.0,visas issued,legal,count,Home Office Immigration System Statistics
GBR,United Kingdom,2014,visas_granted,study,293648.0,visas issued,legal,count,Home Office Immigration System Statistics
GBR,United Kingdom,2015,visas_granted,study,272919.0,visas issued,legal,count,Home Office Immigration System Statistics
GBR,United Kingdom,2016,visas_granted,study,294454.0,visas issued,legal,count,Home Office Immigration System Statistics
GBR,United Kingdom,2017,visas_granted,study,330101.0,visas issued,legal,count,Home Office Immigration System Statistics
GBR,United Kingdom,2018,visas_granted,study,354878.0,visas issued,legal,count,Home Office Immigration System Statistics
GBR,United Kingdom,2019,visas_granted,study,404410.0,visas issued,legal,count,Home Office Immigration System Statistics
GBR,United Kingdom,2020,visas_granted,study,250121.0,visas issued,legal,count,Home Office Immigration System Statistics
GBR,United Kingdom,2021,visas_granted,study,435110.0,visas issued,legal,count,Home Office Immigration System Statistics
GBR,United Kingdom,2022,visas_granted,study,623698.0,visas issued,legal,count,Home Office Immigration System Statistics
GBR,United Kingdom,2023,visas_granted,study,604253.0,visas issued,legal,count,Home Office Immigration System Statistics
GBR,United Kingdom,2024,visas_granted,study,418932.0,visas issued,legal,count,Home Office Immigration System Statistics
GBR,United Kingdom,2025,visas_granted,study,429254.0,visas issued,legal,count,Home Office Immigration System Statistics
GBR,United Kingdom,2005,visas_granted,visitor,1424155.0,visas issued,legal,count,Home Office Immigration System Statistics
GBR,United Kingdom,2006,visas_granted,visitor,1550650.0,visas issued,legal,count,Home Office Immigration System Statistics
GBR,United Kingdom,2007,visas_granted,visitor,1427381.0,visas issued,legal,count,Home Office Immigration System Statistics
GBR,United Kingdom,2008,visas_granted,visitor,1337286.0,visas issued,legal,count,Home Office Immigration System Statistics
GBR,United Kingdom,2009,visas_granted,visitor,1364552.0,visas issued,legal,count,Home Office Immigration System Statistics
GBR,United Kingdom,2010,visas_granted,visitor,1517540.0,visas issued,legal,count,Home Office Immigration System Statistics
GBR,United Kingdom,2011,visas_granted,visitor,1682848.0,visas issued,legal,count,Home Office Immigration System Statistics
GBR,United Kingdom,2012,visas_granted,visitor,1694537.0,visas issued,legal,count,Home Office Immigration System Statistics
GBR,United Kingdom,2013,visas_granted,visitor,1938808.0,visas issued,legal,count,Home Office Immigration System Statistics
GBR,United Kingdom,2014,visas_granted,visitor,1878551.0,visas issued,legal,count,Home Office Immigration System Statistics
GBR,United Kingdom,2015,visas_granted,visitor,1913774.0,visas issued,legal,count,Home Office Immigration System Statistics
GBR,United Kingdom,2016,visas_granted,visitor,1902728.0,visas issued,legal,count,Home Office Immigration System Statistics
GBR,United Kingdom,2017,visas_granted,visitor,2095584.0,visas issued,legal,count,Home Office Immigration System Statistics
GBR,United Kingdom,2018,visas_granted,visitor,2239639.0,visas issued,legal,count,Home Office Immigration System Statistics
GBR,United Kingdom,2019,visas_granted,visitor,2413461.0,visas issued,legal,count,Home Office Immigration System Statistics
GBR,United Kingdom,2020,visas_granted,visitor,500596.0,visas issued,legal,count,Home Office Immigration System Statistics
GBR,United Kingdom,2021,visas_granted,visitor,401977.0,visas issued,legal,count,Home Office Immigration System Statistics
GBR,United Kingdom,2022,visas_granted,visitor,1396161.0,visas issued,legal,count,Home Office Immigration System Statistics
GBR,United Kingdom,2023,visas_granted,visitor,1954981.0,visas issued,legal,count,Home Office Immigration System Statistics
GBR,United Kingdom,2024,visas_granted,visitor,2159540.0,visas issued,legal,count,Home Office Immigration System Statistics
GBR,United Kingdom,2025,visas_granted,visitor,2241336.0,visas issued,legal,count,Home Office Immigration System Statistics
GBR,United Kingdom,2005,visas_granted,work,243424.0,visas issued,legal,count,Home Office Immigration System Statistics
GBR,United Kingdom,2006,visas_granted,work,249603.0,visas issued,legal,count,Home Office Immigration System Statistics
GBR,United Kingdom,2007,visas_granted,work,205790.0,visas issued,legal,count,Home Office Immigration System Statistics
GBR,United Kingdom,2008,visas_granted,work,184647.0,visas issued,legal,count,Home Office Immigration System Statistics
GBR,United Kingdom,2009,visas_granted,work,155647.0,visas issued,legal,count,Home Office Immigration System Statistics
GBR,United Kingdom,2010,visas_granted,work,160724.0,visas issued,legal,count,Home Office Immigration System Statistics
GBR,United Kingdom,2011,visas_granted,work,149310.0,visas issued,legal,count,Home Office Immigration System Statistics
GBR,United Kingdom,2012,visas_granted,work,145110.0,visas issued,legal,count,Home Office Immigration System Statistics
GBR,United Kingdom,2013,visas_granted,work,154760.0,visas issued,legal,count,Home Office Immigration System Statistics
GBR,United Kingdom,2014,visas_granted,work,167146.0,visas issued,legal,count,Home Office Immigration System Statistics
GBR,United Kingdom,2015,visas_granted,work,165900.0,visas issued,legal,count,Home Office Immigration System Statistics
GBR,United Kingdom,2016,visas_granted,work,163922.0,visas issued,legal,count,Home Office Immigration System Statistics
GBR,United Kingdom,2017,visas_granted,work,164943.0,visas issued,legal,count,Home Office Immigration System Statistics
GBR,United Kingdom,2018,visas_granted,work,175812.0,visas issued,legal,count,Home Office Immigration System Statistics
GBR,United Kingdom,2019,visas_granted,work,192559.0,visas issued,legal,count,Home Office Immigration System Statistics
GBR,United Kingdom,2020,visas_granted,work,114528.0,visas issued,legal,count,Home Office Immigration System Statistics
GBR,United Kingdom,2021,visas_granted,work,239193.0,visas issued,legal,count,Home Office Immigration System Statistics
GBR,United Kingdom,2022,visas_granted,work,421565.0,visas issued,legal,count,Home Office Immigration System Statistics
GBR,United Kingdom,2023,visas_granted,work,613627.0,visas issued,legal,count,Home Office Immigration System Statistics
GBR,United Kingdom,2024,visas_granted,work,368139.0,visas issued,legal,count,Home Office Immigration System Statistics
GBR,United Kingdom,2025,visas_granted,work,261112.0,visas issued,legal,count,Home Office Immigration System Statistics
GBR,United Kingdom,2005,visas_granted_per_1000_pop,family,1.0983721086628635,"per 1,000 population",legal,count,Derived: Home Office Immigration System Statistics ÷ World Bank SP.POP.TOTL
GBR,United Kingdom,2006,visas_granted_per_1000_pop,family,1.152977263232491,"per 1,000 population",legal,count,Derived: Home Office Immigration System Statistics ÷ World Bank SP.POP.TOTL
GBR,United Kingdom,2007,visas_granted_per_1000_pop,family,1.0506264237951433,"per 1,000 population",legal,count,Derived: Home Office Immigration System Statistics ÷ World Bank SP.POP.TOTL
GBR,United Kingdom,2008,visas_granted_per_1000_pop,family,0.8669568873231905,"per 1,000 population",legal,count,Derived: Home Office Immigration System Statistics ÷ World Bank SP.POP.TOTL
GBR,United Kingdom,2009,visas_granted_per_1000_pop,family,0.7902207373691456,"per 1,000 population",legal,count,Derived: Home Office Immigration System Statistics ÷ World Bank SP.POP.TOTL
GBR,United Kingdom,2010,visas_granted_per_1000_pop,family,0.8342206849161968,"per 1,000 population",legal,count,Derived: Home Office Immigration System Statistics ÷ World Bank SP.POP.TOTL
GBR,United Kingdom,2011,visas_granted_per_1000_pop,family,0.7120114968966378,"per 1,000 population",legal,count,Derived: Home Office Immigration System Statistics ÷ World Bank SP.POP.TOTL
GBR,United Kingdom,2012,visas_granted_per_1000_pop,family,0.6314608152438355,"per 1,000 population",legal,count,Derived: Home Office Immigration System Statistics ÷ World Bank SP.POP.TOTL
GBR,United Kingdom,2013,visas_granted_per_1000_pop,family,0.5165892294739468,"per 1,000 population",legal,count,Derived: Home Office Immigration System Statistics ÷ World Bank SP.POP.TOTL
GBR,United Kingdom,2014,visas_granted_per_1000_pop,family,0.5393460127826181,"per 1,000 population",legal,count,Derived: Home Office Immigration System Statistics ÷ World Bank SP.POP.TOTL
GBR,United Kingdom,2015,visas_granted_per_1000_pop,family,0.5793937345399235,"per 1,000 population",legal,count,Derived: Home Office Immigration System Statistics ÷ World Bank SP.POP.TOTL
GBR,United Kingdom,2016,visas_granted_per_1000_pop,family,0.5758772063530775,"per 1,000 population",legal,count,Derived: Home Office Immigration System Statistics ÷ World Bank SP.POP.TOTL
GBR,United Kingdom,2017,visas_granted_per_1000_pop,family,0.6082560184342976,"per 1,000 population",legal,count,Derived: Home Office Immigration System Statistics ÷ World Bank SP.POP.TOTL
GBR,United Kingdom,2018,visas_granted_per_1000_pop,family,0.6580475809736449,"per 1,000 population",legal,count,Derived: Home Office Immigration System Statistics ÷ World Bank SP.POP.TOTL
GBR,United Kingdom,2019,visas_granted_per_1000_pop,family,0.8351293750375217,"per 1,000 population",legal,count,Derived: Home Office Immigration System Statistics ÷ World Bank SP.POP.TOTL
GBR,United Kingdom,2020,visas_granted_per_1000_pop,family,0.5556937368894217,"per 1,000 population",legal,count,Derived: Home Office Immigration System Statistics ÷ World Bank SP.POP.TOTL
GBR,United Kingdom,2021,visas_granted_per_1000_pop,family,0.6297888859028338,"per 1,000 population",legal,count,Derived: Home Office Immigration System Statistics ÷ World Bank SP.POP.TOTL
GBR,United Kingdom,2022,visas_granted_per_1000_pop,family,0.6966556271807912,"per 1,000 population",legal,count,Derived: Home Office Immigration System Statistics ÷ World Bank SP.POP.TOTL
GBR,United Kingdom,2023,visas_granted_per_1000_pop,family,1.168651314829408,"per 1,000 population",legal,count,Derived: Home Office Immigration System Statistics ÷ World Bank SP.POP.TOTL
GBR,United Kingdom,2024,visas_granted_per_1000_pop,family,1.2292114721207834,"per 1,000 population",legal,count,Derived: Home Office Immigration System Statistics ÷ World Bank SP.POP.TOTL
GBR,United Kingdom,2025,visas_granted_per_1000_pop,family,0.9585965720206658,"per 1,000 population",legal,count,Derived: Home Office Immigration System Statistics ÷ World Bank SP.POP.TOTL
GBR,United Kingdom,2005,visas_granted_per_1000_pop,other,2.0543298423544725,"per 1,000 population",legal,count,Derived: Home Office Immigration System Statistics ÷ World Bank SP.POP.TOTL
GBR,United Kingdom,2006,visas_granted_per_1000_pop,other,2.030081440574873,"per 1,000 population",legal,count,Derived: Home Office Immigration System Statistics ÷ World Bank SP.POP.TOTL
GBR,United Kingdom,2007,visas_granted_per_1000_pop,other,1.9379521660765648,"per 1,000 population",legal,count,Derived: Home Office Immigration System Statistics ÷ World Bank SP.POP.TOTL
GBR,United Kingdom,2008,visas_granted_per_1000_pop,other,1.6968144139672217,"per 1,000 population",legal,count,Derived: Home Office Immigration System Statistics ÷ World Bank SP.POP.TOTL
GBR,United Kingdom,2009,visas_granted_per_1000_pop,other,1.3629268419576188,"per 1,000 population",legal,count,Derived: Home Office Immigration System Statistics ÷ World Bank SP.POP.TOTL
GBR,United Kingdom,2010,visas_granted_per_1000_pop,other,1.2627941732805459,"per 1,000 population",legal,count,Derived: Home Office Immigration System Statistics ÷ World Bank SP.POP.TOTL
GBR,United Kingdom,2011,visas_granted_per_1000_pop,other,1.1846887413784735,"per 1,000 population",legal,count,Derived: Home Office Immigration System Statistics ÷ World Bank SP.POP.TOTL
GBR,United Kingdom,2012,visas_granted_per_1000_pop,other,1.1110169358509518,"per 1,000 population",legal,count,Derived: Home Office Immigration System Statistics ÷ World Bank SP.POP.TOTL
GBR,United Kingdom,2013,visas_granted_per_1000_pop,other,1.146917583959587,"per 1,000 population",legal,count,Derived: Home Office Immigration System Statistics ÷ World Bank SP.POP.TOTL
GBR,United Kingdom,2014,visas_granted_per_1000_pop,other,1.1508379888268156,"per 1,000 population",legal,count,Derived: Home Office Immigration System Statistics ÷ World Bank SP.POP.TOTL
GBR,United Kingdom,2015,visas_granted_per_1000_pop,other,1.1990566472567485,"per 1,000 population",legal,count,Derived: Home Office Immigration System Statistics ÷ World Bank SP.POP.TOTL
GBR,United Kingdom,2016,visas_granted_per_1000_pop,other,1.220742005304393,"per 1,000 population",legal,count,Derived: Home Office Immigration System Statistics ÷ World Bank SP.POP.TOTL
GBR,United Kingdom,2017,visas_granted_per_1000_pop,other,1.1690619125583652,"per 1,000 population",legal,count,Derived: Home Office Immigration System Statistics ÷ World Bank SP.POP.TOTL
GBR,United Kingdom,2018,visas_granted_per_1000_pop,other,1.328254408858449,"per 1,000 population",legal,count,Derived: Home Office Immigration System Statistics ÷ World Bank SP.POP.TOTL
GBR,United Kingdom,2019,visas_granted_per_1000_pop,other,1.5844089571951732,"per 1,000 population",legal,count,Derived: Home Office Immigration System Statistics ÷ World Bank SP.POP.TOTL
GBR,United Kingdom,2020,visas_granted_per_1000_pop,other,0.8887024273299371,"per 1,000 population",legal,count,Derived: Home Office Immigration System Statistics ÷ World Bank SP.POP.TOTL
GBR,United Kingdom,2021,visas_granted_per_1000_pop,other,2.7095912090537193,"per 1,000 population",legal,count,Derived: Home Office Immigration System Statistics ÷ World Bank SP.POP.TOTL
GBR,United Kingdom,2022,visas_granted_per_1000_pop,other,4.955245727127565,"per 1,000 population",legal,count,Derived: Home Office Immigration System Statistics ÷ World Bank SP.POP.TOTL
GBR,United Kingdom,2023,visas_granted_per_1000_pop,other,1.962875404955783,"per 1,000 population",legal,count,Derived: Home Office Immigration System Statistics ÷ World Bank SP.POP.TOTL
GBR,United Kingdom,2024,visas_granted_per_1000_pop,other,1.3813311008790288,"per 1,000 population",legal,count,Derived: Home Office Immigration System Statistics ÷ World Bank SP.POP.TOTL
GBR,United Kingdom,2025,visas_granted_per_1000_pop,other,1.0439218846690748,"per 1,000 population",legal,count,Derived: Home Office Immigration System Statistics ÷ World Bank SP.POP.TOTL
GBR,United Kingdom,2005,visas_granted_per_1000_pop,study,3.4340042813052443,"per 1,000 population",legal,count,Derived: Home Office Immigration System Statistics ÷ World Bank SP.POP.TOTL
GBR,United Kingdom,2006,visas_granted_per_1000_pop,study,3.851129771449026,"per 1,000 population",legal,count,Derived: Home Office Immigration System Statistics ÷ World Bank SP.POP.TOTL
GBR,United Kingdom,2007,visas_granted_per_1000_pop,study,4.014776771115668,"per 1,000 population",legal,count,Derived: Home Office Immigration System Statistics ÷ World Bank SP.POP.TOTL
GBR,United Kingdom,2008,visas_granted_per_1000_pop,study,4.436601391153219,"per 1,000 population",legal,count,Derived: Home Office Immigration System Statistics ÷ World Bank SP.POP.TOTL
GBR,United Kingdom,2009,visas_granted_per_1000_pop,study,5.476628577787333,"per 1,000 population",legal,count,Derived: Home Office Immigration System Statistics ÷ World Bank SP.POP.TOTL
GBR,United Kingdom,2010,visas_granted_per_1000_pop,study,5.333031473146486,"per 1,000 population",legal,count,Derived: Home Office Immigration System Statistics ÷ World Bank SP.POP.TOTL
GBR,United Kingdom,2011,visas_granted_per_1000_pop,study,5.110371187823482,"per 1,000 population",legal,count,Derived: Home Office Immigration System Statistics ÷ World Bank SP.POP.TOTL
GBR,United Kingdom,2012,visas_granted_per_1000_pop,study,4.365023308376889,"per 1,000 population",legal,count,Derived: Home Office Immigration System Statistics ÷ World Bank SP.POP.TOTL
GBR,United Kingdom,2013,visas_granted_per_1000_pop,study,4.6185724531479,"per 1,000 population",legal,count,Derived: Home Office Immigration System Statistics ÷ World Bank SP.POP.TOTL
GBR,United Kingdom,2014,visas_granted_per_1000_pop,study,4.544298116652997,"per 1,000 population",legal,count,Derived: Home Office Immigration System Statistics ÷ World Bank SP.POP.TOTL
GBR,United Kingdom,2015,visas_granted_per_1000_pop,study,4.193141487547437,"per 1,000 population",legal,count,Derived: Home Office Immigration System Statistics ÷ World Bank SP.POP.TOTL
GBR,United Kingdom,2016,visas_granted_per_1000_pop,study,4.488217541078559,"per 1,000 population",legal,count,Derived: Home Office Immigration System Statistics ÷ World Bank SP.POP.TOTL
GBR,United Kingdom,2017,visas_granted_per_1000_pop,study,5.004259899339034,"per 1,000 population",legal,count,Derived: Home Office Immigration System Statistics ÷ World Bank SP.POP.TOTL
GBR,United Kingdom,2018,visas_granted_per_1000_pop,study,5.353659088509059,"per 1,000 population",legal,count,Derived: Home Office Immigration System Statistics ÷ World Bank SP.POP.TOTL
GBR,United Kingdom,2019,visas_granted_per_1000_pop,study,6.069670408837125,"per 1,000 population",legal,count,Derived: Home Office Immigration System Statistics ÷ World Bank SP.POP.TOTL
GBR,United Kingdom,2020,visas_granted_per_1000_pop,study,3.7476925382079713,"per 1,000 population",legal,count,Derived: Home Office Immigration System Statistics ÷ World Bank SP.POP.TOTL
GBR,United Kingdom,2021,visas_granted_per_1000_pop,study,6.496312221923616,"per 1,000 population",legal,count,Derived: Home Office Immigration System Statistics ÷ World Bank SP.POP.TOTL
GBR,United Kingdom,2022,visas_granted_per_1000_pop,study,9.221390975220297,"per 1,000 population",legal,count,Derived: Home Office Immigration System Statistics ÷ World Bank SP.POP.TOTL
GBR,United Kingdom,2023,visas_granted_per_1000_pop,study,8.81786475206491,"per 1,000 population",legal,count,Derived: Home Office Immigration System Statistics ÷ World Bank SP.POP.TOTL
GBR,United Kingdom,2024,visas_granted_per_1000_pop,study,6.046852672449878,"per 1,000 population",legal,count,Derived: Home Office Immigration System Statistics ÷ World Bank SP.POP.TOTL
GBR,United Kingdom,2025,visas_granted_per_1000_pop,study,6.177472045130743,"per 1,000 population",legal,count,Derived: Home Office Immigration System Statistics ÷ World Bank SP.POP.TOTL
GBR,United Kingdom,2005,visas_granted_per_1000_pop,visitor,23.57825438121219,"per 1,000 population",legal,count,Derived: Home Office Immigration System Statistics ÷ World Bank SP.POP.TOTL
GBR,United Kingdom,2006,visas_granted_per_1000_pop,visitor,25.48448711041925,"per 1,000 population",legal,count,Derived: Home Office Immigration System Statistics ÷ World Bank SP.POP.TOTL
GBR,United Kingdom,2007,visas_granted_per_1000_pop,visitor,23.27664170958039,"per 1,000 population",legal,count,Derived: Home Office Immigration System Statistics ÷ World Bank SP.POP.TOTL
GBR,United Kingdom,2008,visas_granted_per_1000_pop,visitor,21.636483055032848,"per 1,000 population",legal,count,Derived: Home Office Immigration System Statistics ÷ World Bank SP.POP.TOTL
GBR,United Kingdom,2009,visas_granted_per_1000_pop,visitor,21.911267325419455,"per 1,000 population",legal,count,Derived: Home Office Immigration System Statistics ÷ World Bank SP.POP.TOTL
GBR,United Kingdom,2010,visas_granted_per_1000_pop,visitor,24.177598941726195,"per 1,000 population",legal,count,Derived: Home Office Immigration System Statistics ÷ World Bank SP.POP.TOTL
GBR,United Kingdom,2011,visas_granted_per_1000_pop,visitor,26.6025870546727,"per 1,000 population",legal,count,Derived: Home Office Immigration System Statistics ÷ World Bank SP.POP.TOTL
GBR,United Kingdom,2012,visas_granted_per_1000_pop,visitor,26.597243804052674,"per 1,000 population",legal,count,Derived: Home Office Immigration System Statistics ÷ World Bank SP.POP.TOTL
GBR,United Kingdom,2013,visas_granted_per_1000_pop,visitor,30.22869437774798,"per 1,000 population",legal,count,Derived: Home Office Immigration System Statistics ÷ World Bank SP.POP.TOTL
GBR,United Kingdom,2014,visas_granted_per_1000_pop,visitor,29.071186493136693,"per 1,000 population",legal,count,Derived: Home Office Immigration System Statistics ÷ World Bank SP.POP.TOTL
GBR,United Kingdom,2015,visas_granted_per_1000_pop,visitor,29.40332170786793,"per 1,000 population",legal,count,Derived: Home Office Immigration System Statistics ÷ World Bank SP.POP.TOTL
GBR,United Kingdom,2016,visas_granted_per_1000_pop,visitor,29.002347346279304,"per 1,000 population",legal,count,Derived: Home Office Immigration System Statistics ÷ World Bank SP.POP.TOTL
GBR,United Kingdom,2017,visas_granted_per_1000_pop,visitor,31.76860105512098,"per 1,000 population",legal,count,Derived: Home Office Immigration System Statistics ÷ World Bank SP.POP.TOTL
GBR,United Kingdom,2018,visas_granted_per_1000_pop,visitor,33.78700197625477,"per 1,000 population",legal,count,Derived: Home Office Immigration System Statistics ÷ World Bank SP.POP.TOTL
GBR,United Kingdom,2019,visas_granted_per_1000_pop,visitor,36.22292429609173,"per 1,000 population",legal,count,Derived: Home Office Immigration System Statistics ÷ World Bank SP.POP.TOTL
GBR,United Kingdom,2020,visas_granted_per_1000_pop,visitor,7.5006892418339834,"per 1,000 population",legal,count,Derived: Home Office Immigration System Statistics ÷ World Bank SP.POP.TOTL
GBR,United Kingdom,2021,visas_granted_per_1000_pop,visitor,6.001627400041805,"per 1,000 population",legal,count,Derived: Home Office Immigration System Statistics ÷ World Bank SP.POP.TOTL
GBR,United Kingdom,2022,visas_granted_per_1000_pop,visitor,20.642276302560767,"per 1,000 population",legal,count,Derived: Home Office Immigration System Statistics ÷ World Bank SP.POP.TOTL
GBR,United Kingdom,2023,visas_granted_per_1000_pop,visitor,28.52904007238129,"per 1,000 population",legal,count,Derived: Home Office Immigration System Statistics ÷ World Bank SP.POP.TOTL
GBR,United Kingdom,2024,visas_granted_per_1000_pop,visitor,31.17073945237511,"per 1,000 population",legal,count,Derived: Home Office Immigration System Statistics ÷ World Bank SP.POP.TOTL
GBR,United Kingdom,2025,visas_granted_per_1000_pop,visitor,32.255472246607276,"per 1,000 population",legal,count,Derived: Home Office Immigration System Statistics ÷ World Bank SP.POP.TOTL
GBR,United Kingdom,2005,visas_granted_per_1000_pop,work,4.03011820658018,"per 1,000 population",legal,count,Derived: Home Office Immigration System Statistics ÷ World Bank SP.POP.TOTL
GBR,United Kingdom,2006,visas_granted_per_1000_pop,work,4.102153571871135,"per 1,000 population",legal,count,Derived: Home Office Immigration System Statistics ÷ World Bank SP.POP.TOTL
GBR,United Kingdom,2007,visas_granted_per_1000_pop,work,3.3558665117544284,"per 1,000 population",legal,count,Derived: Home Office Immigration System Statistics ÷ World Bank SP.POP.TOTL
GBR,United Kingdom,2008,visas_granted_per_1000_pop,work,2.9874773882794337,"per 1,000 population",legal,count,Derived: Home Office Immigration System Statistics ÷ World Bank SP.POP.TOTL
GBR,United Kingdom,2009,visas_granted_per_1000_pop,work,2.499298689532947,"per 1,000 population",legal,count,Derived: Home Office Immigration System Statistics ÷ World Bank SP.POP.TOTL
GBR,United Kingdom,2010,visas_granted_per_1000_pop,work,2.5606708306272,"per 1,000 population",legal,count,Derived: Home Office Immigration System Statistics ÷ World Bank SP.POP.TOTL
GBR,United Kingdom,2011,visas_granted_per_1000_pop,work,2.360303647823916,"per 1,000 population",legal,count,Derived: Home Office Immigration System Statistics ÷ World Bank SP.POP.TOTL
GBR,United Kingdom,2012,visas_granted_per_1000_pop,work,2.2776286669491923,"per 1,000 population",legal,count,Derived: Home Office Immigration System Statistics ÷ World Bank SP.POP.TOTL
GBR,United Kingdom,2013,visas_granted_per_1000_pop,work,2.4129221366428637,"per 1,000 population",legal,count,Derived: Home Office Immigration System Statistics ÷ World Bank SP.POP.TOTL
GBR,United Kingdom,2014,visas_granted_per_1000_pop,work,2.5866386047447345,"per 1,000 population",legal,count,Derived: Home Office Immigration System Statistics ÷ World Bank SP.POP.TOTL
GBR,United Kingdom,2015,visas_granted_per_1000_pop,work,2.5488960929217814,"per 1,000 population",legal,count,Derived: Home Office Immigration System Statistics ÷ World Bank SP.POP.TOTL
GBR,United Kingdom,2016,visas_granted_per_1000_pop,work,2.498582446727433,"per 1,000 population",legal,count,Derived: Home Office Immigration System Statistics ÷ World Bank SP.POP.TOTL
GBR,United Kingdom,2017,visas_granted_per_1000_pop,work,2.5005002728761143,"per 1,000 population",legal,count,Derived: Home Office Immigration System Statistics ÷ World Bank SP.POP.TOTL
GBR,United Kingdom,2018,visas_granted_per_1000_pop,work,2.6522847617179837,"per 1,000 population",legal,count,Derived: Home Office Immigration System Statistics ÷ World Bank SP.POP.TOTL
GBR,United Kingdom,2019,visas_granted_per_1000_pop,work,2.8900612355165993,"per 1,000 population",legal,count,Derived: Home Office Immigration System Statistics ÷ World Bank SP.POP.TOTL
GBR,United Kingdom,2020,visas_granted_per_1000_pop,work,1.7160323643991608,"per 1,000 population",legal,count,Derived: Home Office Immigration System Statistics ÷ World Bank SP.POP.TOTL
GBR,United Kingdom,2021,visas_granted_per_1000_pop,work,3.571217414673475,"per 1,000 population",legal,count,Derived: Home Office Immigration System Statistics ÷ World Bank SP.POP.TOTL
GBR,United Kingdom,2022,visas_granted_per_1000_pop,work,6.232849370157904,"per 1,000 population",legal,count,Derived: Home Office Immigration System Statistics ÷ World Bank SP.POP.TOTL
GBR,United Kingdom,2023,visas_granted_per_1000_pop,work,8.954659545282082,"per 1,000 population",legal,count,Derived: Home Office Immigration System Statistics ÷ World Bank SP.POP.TOTL
GBR,United Kingdom,2024,visas_granted_per_1000_pop,work,5.31370794301468,"per 1,000 population",legal,count,Derived: Home Office Immigration System Statistics ÷ World Bank SP.POP.TOTL
GBR,United Kingdom,2025,visas_granted_per_1000_pop,work,3.757710075265877,"per 1,000 population",legal,count,Derived: Home Office Immigration System Statistics ÷ World Bank SP.POP.TOTL
