iso3,metric,age_band,sex,value,year,source
ALB,child_dependency_ratio,,,25.425255235706,2024,World Bank WDI (UN World Population Prospects)
AND,child_dependency_ratio,,,16.4693746406467,2024,World Bank WDI (UN World Population Prospects)
AUT,child_dependency_ratio,,,21.8336176557089,2024,World Bank WDI (UN World Population Prospects)
BEL,child_dependency_ratio,,,25.2122700410657,2024,World Bank WDI (UN World Population Prospects)
BGR,child_dependency_ratio,,,22.7961514848558,2024,World Bank WDI (UN World Population Prospects)
BIH,child_dependency_ratio,,,20.1412597770913,2024,World Bank WDI (UN World Population Prospects)
BLR,child_dependency_ratio,,,24.6792238960994,2024,World Bank WDI (UN World Population Prospects)
CHE,child_dependency_ratio,,,22.9905972021443,2024,World Bank WDI (UN World Population Prospects)
CYP,child_dependency_ratio,,,23.1882410799546,2024,World Bank WDI (UN World Population Prospects)
CZE,child_dependency_ratio,,,24.1498404804772,2024,World Bank WDI (UN World Population Prospects)
DEU,child_dependency_ratio,,,22.1167431988536,2024,World Bank WDI (UN World Population Prospects)
DNK,child_dependency_ratio,,,24.743060883408,2024,World Bank WDI (UN World Population Prospects)
ESP,child_dependency_ratio,,,19.5983514726874,2024,World Bank WDI (UN World Population Prospects)
EST,child_dependency_ratio,,,24.7959485503797,2024,World Bank WDI (UN World Population Prospects)
FIN,child_dependency_ratio,,,23.8055704152453,2024,World Bank WDI (UN World Population Prospects)
FRA,child_dependency_ratio,,,26.9039503596278,2024,World Bank WDI (UN World Population Prospects)
GBR,child_dependency_ratio,,,27.1420610059948,2024,World Bank WDI (UN World Population Prospects)
GRC,child_dependency_ratio,,,21.0363358186494,2024,World Bank WDI (UN World Population Prospects)
HRV,child_dependency_ratio,,,22.139330389917,2024,World Bank WDI (UN World Population Prospects)
HUN,child_dependency_ratio,,,22.2912834279654,2024,World Bank WDI (UN World Population Prospects)
IRL,child_dependency_ratio,,,28.306322291432,2024,World Bank WDI (UN World Population Prospects)
ISL,child_dependency_ratio,,,26.6752402080962,2024,World Bank WDI (UN World Population Prospects)
ITA,child_dependency_ratio,,,18.7330776087373,2024,World Bank WDI (UN World Population Prospects)
LIE,child_dependency_ratio,,,21.9378636346351,2024,World Bank WDI (UN World Population Prospects)
LTU,child_dependency_ratio,,,22.5803056142694,2024,World Bank WDI (UN World Population Prospects)
LUX,child_dependency_ratio,,,22.9499743243214,2024,World Bank WDI (UN World Population Prospects)
LVA,child_dependency_ratio,,,24.5235852072898,2024,World Bank WDI (UN World Population Prospects)
MCO,child_dependency_ratio,,,26.7540478026214,2024,World Bank WDI (UN World Population Prospects)
MDA,child_dependency_ratio,,,30.9200179515698,2024,World Bank WDI (UN World Population Prospects)
MKD,child_dependency_ratio,,,25.8205341338161,2024,World Bank WDI (UN World Population Prospects)
MLT,child_dependency_ratio,,,19.5193629425985,2024,World Bank WDI (UN World Population Prospects)
MNE,child_dependency_ratio,,,28.3049344873182,2024,World Bank WDI (UN World Population Prospects)
NLD,child_dependency_ratio,,,23.3034206757193,2024,World Bank WDI (UN World Population Prospects)
NOR,child_dependency_ratio,,,24.8957962770645,2024,World Bank WDI (UN World Population Prospects)
POL,child_dependency_ratio,,,22.7603304673098,2024,World Bank WDI (UN World Population Prospects)
PRT,child_dependency_ratio,,,20.427386198577,2024,World Bank WDI (UN World Population Prospects)
ROU,child_dependency_ratio,,,24.4400852278362,2024,World Bank WDI (UN World Population Prospects)
SMR,child_dependency_ratio,,,18.7629516172628,2024,World Bank WDI (UN World Population Prospects)
SRB,child_dependency_ratio,,,22.7148741599639,2024,World Bank WDI (UN World Population Prospects)
SVK,child_dependency_ratio,,,23.9891364609285,2024,World Bank WDI (UN World Population Prospects)
SVN,child_dependency_ratio,,,23.1684392045413,2024,World Bank WDI (UN World Population Prospects)
SWE,child_dependency_ratio,,,27.2787551994321,2024,World Bank WDI (UN World Population Prospects)
UKR,child_dependency_ratio,,,20.6831546181875,2024,World Bank WDI (UN World Population Prospects)
USA,child_dependency_ratio,,,26.7574698665921,2024,World Bank WDI (UN World Population Prospects)
XKX,child_dependency_ratio,,,29.9224671328063,2024,World Bank WDI (UN World Population Prospects)
ALB,median_age_years,,,37.85,2024,World Bank WDI (derived: median from 5-year age bands)
AND,median_age_years,,,44.48,2024,World Bank WDI (derived: median from 5-year age bands)
AUT,median_age_years,,,44.4,2024,World Bank WDI (derived: median from 5-year age bands)
BEL,median_age_years,,,42.68,2024,World Bank WDI (derived: median from 5-year age bands)
BGR,median_age_years,,,45.52,2024,World Bank WDI (derived: median from 5-year age bands)
BIH,median_age_years,,,46.33,2024,World Bank WDI (derived: median from 5-year age bands)
BLR,median_age_years,,,42.03,2024,World Bank WDI (derived: median from 5-year age bands)
CHE,median_age_years,,,43.67,2024,World Bank WDI (derived: median from 5-year age bands)
CYP,median_age_years,,,39.2,2024,World Bank WDI (derived: median from 5-year age bands)
CZE,median_age_years,,,44.14,2024,World Bank WDI (derived: median from 5-year age bands)
DEU,median_age_years,,,46.32,2024,World Bank WDI (derived: median from 5-year age bands)
DNK,median_age_years,,,42.28,2024,World Bank WDI (derived: median from 5-year age bands)
ESP,median_age_years,,,46.36,2024,World Bank WDI (derived: median from 5-year age bands)
EST,median_age_years,,,43.31,2024,World Bank WDI (derived: median from 5-year age bands)
FIN,median_age_years,,,44.03,2024,World Bank WDI (derived: median from 5-year age bands)
FRA,median_age_years,,,43.01,2024,World Bank WDI (derived: median from 5-year age bands)
GBR,median_age_years,,,40.97,2024,World Bank WDI (derived: median from 5-year age bands)
GRC,median_age_years,,,47.26,2024,World Bank WDI (derived: median from 5-year age bands)
HRV,median_age_years,,,46.0,2024,World Bank WDI (derived: median from 5-year age bands)
HUN,median_age_years,,,44.56,2024,World Bank WDI (derived: median from 5-year age bands)
IRL,median_age_years,,,39.72,2024,World Bank WDI (derived: median from 5-year age bands)
ISL,median_age_years,,,37.12,2024,World Bank WDI (derived: median from 5-year age bands)
ITA,median_age_years,,,48.76,2024,World Bank WDI (derived: median from 5-year age bands)
LIE,median_age_years,,,45.35,2024,World Bank WDI (derived: median from 5-year age bands)
LTU,median_age_years,,,43.09,2024,World Bank WDI (derived: median from 5-year age bands)
LUX,median_age_years,,,40.24,2024,World Bank WDI (derived: median from 5-year age bands)
LVA,median_age_years,,,44.32,2024,World Bank WDI (derived: median from 5-year age bands)
MCO,median_age_years,,,55.03,2024,World Bank WDI (derived: median from 5-year age bands)
MDA,median_age_years,,,39.15,2024,World Bank WDI (derived: median from 5-year age bands)
MKD,median_age_years,,,41.64,2024,World Bank WDI (derived: median from 5-year age bands)
MLT,median_age_years,,,41.78,2024,World Bank WDI (derived: median from 5-year age bands)
MNE,median_age_years,,,40.55,2024,World Bank WDI (derived: median from 5-year age bands)
NLD,median_age_years,,,42.43,2024,World Bank WDI (derived: median from 5-year age bands)
NOR,median_age_years,,,40.68,2024,World Bank WDI (derived: median from 5-year age bands)
POL,median_age_years,,,42.87,2024,World Bank WDI (derived: median from 5-year age bands)
PRT,median_age_years,,,47.5,2024,World Bank WDI (derived: median from 5-year age bands)
ROU,median_age_years,,,43.78,2024,World Bank WDI (derived: median from 5-year age bands)
SMR,median_age_years,,,48.99,2024,World Bank WDI (derived: median from 5-year age bands)
SRB,median_age_years,,,45.12,2024,World Bank WDI (derived: median from 5-year age bands)
SVK,median_age_years,,,42.73,2024,World Bank WDI (derived: median from 5-year age bands)
SVN,median_age_years,,,45.29,2024,World Bank WDI (derived: median from 5-year age bands)
SWE,median_age_years,,,41.14,2024,World Bank WDI (derived: median from 5-year age bands)
UKR,median_age_years,,,43.2,2024,World Bank WDI (derived: median from 5-year age bands)
USA,median_age_years,,,39.3,2024,World Bank WDI (derived: median from 5-year age bands)
XKX,median_age_years,,,33.04,2024,World Bank WDI (derived: median from 5-year age bands)
ALB,old_age_dependency_ratio,,,25.5490385989425,2024,World Bank WDI (UN World Population Prospects)
AND,old_age_dependency_ratio,,,22.0955795312341,2024,World Bank WDI (UN World Population Prospects)
AUT,old_age_dependency_ratio,,,31.6215972647535,2024,World Bank WDI (UN World Population Prospects)
BEL,old_age_dependency_ratio,,,32.4025966172098,2024,World Bank WDI (UN World Population Prospects)
BGR,old_age_dependency_ratio,,,34.6960740519605,2024,World Bank WDI (UN World Population Prospects)
BIH,old_age_dependency_ratio,,,34.3419830169952,2024,World Bank WDI (UN World Population Prospects)
BLR,old_age_dependency_ratio,,,26.7528481097664,2024,World Bank WDI (UN World Population Prospects)
CHE,old_age_dependency_ratio,,,30.7842677220695,2024,World Bank WDI (UN World Population Prospects)
CYP,old_age_dependency_ratio,,,21.0876448700777,2024,World Bank WDI (UN World Population Prospects)
CZE,old_age_dependency_ratio,,,32.6948860839892,2024,World Bank WDI (UN World Population Prospects)
DEU,old_age_dependency_ratio,,,36.8802967502303,2024,World Bank WDI (UN World Population Prospects)
DNK,old_age_dependency_ratio,,,32.8922948462902,2024,World Bank WDI (UN World Population Prospects)
ESP,old_age_dependency_ratio,,,32.0712005028159,2024,World Bank WDI (UN World Population Prospects)
EST,old_age_dependency_ratio,,,33.7703993677409,2024,World Bank WDI (UN World Population Prospects)
FIN,old_age_dependency_ratio,,,38.8765090304458,2024,World Bank WDI (UN World Population Prospects)
FRA,old_age_dependency_ratio,,,36.0997054234682,2024,World Bank WDI (UN World Population Prospects)
GBR,old_age_dependency_ratio,,,30.7979315083777,2024,World Bank WDI (UN World Population Prospects)
GRC,old_age_dependency_ratio,,,38.0958702317535,2024,World Bank WDI (UN World Population Prospects)
HRV,old_age_dependency_ratio,,,36.8709578578729,2024,World Bank WDI (UN World Population Prospects)
HUN,old_age_dependency_ratio,,,32.494481686451,2024,World Bank WDI (UN World Population Prospects)
IRL,old_age_dependency_ratio,,,24.2433006735515,2024,World Bank WDI (UN World Population Prospects)
ISL,old_age_dependency_ratio,,,23.4935756718639,2024,World Bank WDI (UN World Population Prospects)
ITA,old_age_dependency_ratio,,,38.7896110976605,2024,World Bank WDI (UN World Population Prospects)
LIE,old_age_dependency_ratio,,,31.8819637220976,2024,World Bank WDI (UN World Population Prospects)
LTU,old_age_dependency_ratio,,,30.9646030119124,2024,World Bank WDI (UN World Population Prospects)
LUX,old_age_dependency_ratio,,,22.512306062683,2024,World Bank WDI (UN World Population Prospects)
LVA,old_age_dependency_ratio,,,34.5832249813492,2024,World Bank WDI (UN World Population Prospects)
MCO,old_age_dependency_ratio,,,71.8118735543562,2024,World Bank WDI (UN World Population Prospects)
MDA,old_age_dependency_ratio,,,25.3305755559458,2024,World Bank WDI (UN World Population Prospects)
MKD,old_age_dependency_ratio,,,27.6654529301305,2024,World Bank WDI (UN World Population Prospects)
MLT,old_age_dependency_ratio,,,30.2773432768219,2024,World Bank WDI (UN World Population Prospects)
MNE,old_age_dependency_ratio,,,27.8446427855912,2024,World Bank WDI (UN World Population Prospects)
NLD,old_age_dependency_ratio,,,31.7875735580646,2024,World Bank WDI (UN World Population Prospects)
NOR,old_age_dependency_ratio,,,28.888807321017,2024,World Bank WDI (UN World Population Prospects)
POL,old_age_dependency_ratio,,,30.9656430387922,2024,World Bank WDI (UN World Population Prospects)
PRT,old_age_dependency_ratio,,,39.1438698265553,2024,World Bank WDI (UN World Population Prospects)
ROU,old_age_dependency_ratio,,,31.0730853265226,2024,World Bank WDI (UN World Population Prospects)
SMR,old_age_dependency_ratio,,,34.3003874222903,2024,World Bank WDI (UN World Population Prospects)
SRB,old_age_dependency_ratio,,,36.007897489754,2024,World Bank WDI (UN World Population Prospects)
SVK,old_age_dependency_ratio,,,28.2146320923541,2024,World Bank WDI (UN World Population Prospects)
SVN,old_age_dependency_ratio,,,34.2802904149737,2024,World Bank WDI (UN World Population Prospects)
SWE,old_age_dependency_ratio,,,33.318802678057,2024,World Bank WDI (UN World Population Prospects)
UKR,old_age_dependency_ratio,,,28.239354443179,2024,World Bank WDI (UN World Population Prospects)
USA,old_age_dependency_ratio,,,27.690572743003,2024,World Bank WDI (UN World Population Prospects)
XKX,old_age_dependency_ratio,,,14.5548112786942,2024,World Bank WDI (UN World Population Prospects)
GBR,pop_band_share_pct,0-4,female,3.862282369040413,1960,World Bank WDI (UN World Population Prospects)
GBR,pop_band_share_pct,0-4,female,2.4989188594431537,2024,World Bank WDI (UN World Population Prospects)
GBR,pop_band_share_pct,0-4,male,4.0731812199774575,1960,World Bank WDI (UN World Population Prospects)
GBR,pop_band_share_pct,0-4,male,2.633175002768797,2024,World Bank WDI (UN World Population Prospects)
GBR,pop_band_share_pct,10-14,female,3.9718377104611124,1960,World Bank WDI (UN World Population Prospects)
GBR,pop_band_share_pct,10-14,female,3.028719229966091,2024,World Bank WDI (UN World Population Prospects)
GBR,pop_band_share_pct,10-14,male,4.1629693862028745,1960,World Bank WDI (UN World Population Prospects)
GBR,pop_band_share_pct,10-14,male,3.181603857022793,2024,World Bank WDI (UN World Population Prospects)
GBR,pop_band_share_pct,15-19,female,3.4268472628464264,1960,World Bank WDI (UN World Population Prospects)
GBR,pop_band_share_pct,15-19,female,2.8951414833050695,2024,World Bank WDI (UN World Population Prospects)
GBR,pop_band_share_pct,15-19,male,3.489026650972774,1960,World Bank WDI (UN World Population Prospects)
GBR,pop_band_share_pct,15-19,male,3.04288472968224,2024,World Bank WDI (UN World Population Prospects)
GBR,pop_band_share_pct,20-24,female,3.172536198997401,1960,World Bank WDI (UN World Population Prospects)
GBR,pop_band_share_pct,20-24,female,2.7969832595230546,2024,World Bank WDI (UN World Population Prospects)
GBR,pop_band_share_pct,20-24,male,3.1367327645661685,1960,World Bank WDI (UN World Population Prospects)
GBR,pop_band_share_pct,20-24,male,2.95718591017471,2024,World Bank WDI (UN World Population Prospects)
GBR,pop_band_share_pct,25-29,female,3.0947881088780895,1960,World Bank WDI (UN World Population Prospects)
GBR,pop_band_share_pct,25-29,female,3.1316089096345476,2024,World Bank WDI (UN World Population Prospects)
GBR,pop_band_share_pct,25-29,male,3.142580092698853,1960,World Bank WDI (UN World Population Prospects)
GBR,pop_band_share_pct,25-29,male,3.30712744753789,2024,World Bank WDI (UN World Population Prospects)
GBR,pop_band_share_pct,30-34,female,3.2531678768479413,1960,World Bank WDI (UN World Population Prospects)
GBR,pop_band_share_pct,30-34,female,3.363737484104769,2024,World Bank WDI (UN World Population Prospects)
GBR,pop_band_share_pct,30-34,male,3.253929327215089,1960,World Bank WDI (UN World Population Prospects)
GBR,pop_band_share_pct,30-34,male,3.4544910804623044,2024,World Bank WDI (UN World Population Prospects)
GBR,pop_band_share_pct,35-39,female,3.5971755038706963,1960,World Bank WDI (UN World Population Prospects)
GBR,pop_band_share_pct,35-39,female,3.3262582334802,2024,World Bank WDI (UN World Population Prospects)
GBR,pop_band_share_pct,35-39,male,3.556419779457638,1960,World Bank WDI (UN World Population Prospects)
GBR,pop_band_share_pct,35-39,male,3.265215524238745,2024,World Bank WDI (UN World Population Prospects)
GBR,pop_band_share_pct,40-44,female,3.2727327619707487,1960,World Bank WDI (UN World Population Prospects)
GBR,pop_band_share_pct,40-44,female,3.3252189875258873,2024,World Bank WDI (UN World Population Prospects)
GBR,pop_band_share_pct,40-44,male,3.1661659701113365,1960,World Bank WDI (UN World Population Prospects)
GBR,pop_band_share_pct,40-44,male,3.2506574204954113,2024,World Bank WDI (UN World Population Prospects)
GBR,pop_band_share_pct,45-49,female,3.598681229032801,1960,World Bank WDI (UN World Population Prospects)
GBR,pop_band_share_pct,45-49,female,3.0240339627887307,2024,World Bank WDI (UN World Population Prospects)
GBR,pop_band_share_pct,45-49,male,3.428843446014438,1960,World Bank WDI (UN World Population Prospects)
GBR,pop_band_share_pct,45-49,male,2.9851993622320787,2024,World Bank WDI (UN World Population Prospects)
GBR,pop_band_share_pct,5-9,female,3.5505075658300083,1960,World Bank WDI (UN World Population Prospects)
GBR,pop_band_share_pct,5-9,female,2.8452764416611127,2024,World Bank WDI (UN World Population Prospects)
GBR,pop_band_share_pct,5-9,male,3.727799547179398,1960,World Bank WDI (UN World Population Prospects)
GBR,pop_band_share_pct,5-9,male,2.997352766308905,2024,World Bank WDI (UN World Population Prospects)
GBR,pop_band_share_pct,50-54,female,3.530064818128534,1960,World Bank WDI (UN World Population Prospects)
GBR,pop_band_share_pct,50-54,female,3.350713711541206,2024,World Bank WDI (UN World Population Prospects)
GBR,pop_band_share_pct,50-54,male,3.348589630752106,1960,World Bank WDI (UN World Population Prospects)
GBR,pop_band_share_pct,50-54,male,3.2265093860292233,2024,World Bank WDI (UN World Population Prospects)
GBR,pop_band_share_pct,55-59,female,3.2856831434029936,1960,World Bank WDI (UN World Population Prospects)
GBR,pop_band_share_pct,55-59,female,3.433426142327245,2024,World Bank WDI (UN World Population Prospects)
GBR,pop_band_share_pct,55-59,male,3.0106907822387257,1960,World Bank WDI (UN World Population Prospects)
GBR,pop_band_share_pct,55-59,male,3.159062323594314,2024,World Bank WDI (UN World Population Prospects)
GBR,pop_band_share_pct,60-64,female,2.892915975326031,1960,World Bank WDI (UN World Population Prospects)
GBR,pop_band_share_pct,60-64,female,3.13110227723182,2024,World Bank WDI (UN World Population Prospects)
GBR,pop_band_share_pct,60-64,male,2.298366368351787,1960,World Bank WDI (UN World Population Prospects)
GBR,pop_band_share_pct,60-64,male,2.8886288753247085,2024,World Bank WDI (UN World Population Prospects)
GBR,pop_band_share_pct,65-69,female,2.4698301055375933,1960,World Bank WDI (UN World Population Prospects)
GBR,pop_band_share_pct,65-69,female,2.7716040072804375,2024,World Bank WDI (UN World Population Prospects)
GBR,pop_band_share_pct,65-69,male,1.752263325338486,1960,World Bank WDI (UN World Population Prospects)
GBR,pop_band_share_pct,65-69,male,2.530659162964461,2024,World Bank WDI (UN World Population Prospects)
GBR,pop_band_share_pct,70-74,female,2.0035972900076855,1960,World Bank WDI (UN World Population Prospects)
GBR,pop_band_share_pct,70-74,female,2.464568893858794,2024,World Bank WDI (UN World Population Prospects)
GBR,pop_band_share_pct,70-74,male,1.2874847082541085,1960,World Bank WDI (UN World Population Prospects)
GBR,pop_band_share_pct,70-74,male,2.182181230320272,2024,World Bank WDI (UN World Population Prospects)
GBR,pop_band_share_pct,75-79,female,1.4339618046953855,1960,World Bank WDI (UN World Population Prospects)
GBR,pop_band_share_pct,75-79,female,2.270020607814255,2024,World Bank WDI (UN World Population Prospects)
GBR,pop_band_share_pct,75-79,male,0.8400095259540167,1960,World Bank WDI (UN World Population Prospects)
GBR,pop_band_share_pct,75-79,male,1.988696727981745,2024,World Bank WDI (UN World Population Prospects)
GBR,pop_band_share_pct,80+,female,1.2766335634230237,1960,World Bank WDI (UN World Population Prospects)
GBR,pop_band_share_pct,80+,female,3.1014462392077737,2024,World Bank WDI (UN World Population Prospects)
GBR,pop_band_share_pct,80+,male,0.6317041864178591,1960,World Bank WDI (UN World Population Prospects)
GBR,pop_band_share_pct,80+,male,2.190590462167254,2024,World Bank WDI (UN World Population Prospects)
ALB,pop_share_0_14_pct,,,16.8407829528601,2024,World Bank WDI (UN World Population Prospects)
AND,pop_share_0_14_pct,,,11.8852784134249,2024,World Bank WDI (UN World Population Prospects)
AUT,pop_share_0_14_pct,,,14.2280024817963,2024,World Bank WDI (UN World Population Prospects)
BEL,pop_share_0_14_pct,,,15.9961268493057,2024,World Bank WDI (UN World Population Prospects)
BGR,pop_share_0_14_pct,,,14.4744612007493,2024,World Bank WDI (UN World Population Prospects)
BIH,pop_share_0_14_pct,,,13.0378165083513,2024,World Bank WDI (UN World Population Prospects)
BLR,pop_share_0_14_pct,,,16.2972291440499,2024,World Bank WDI (UN World Population Prospects)
CHE,pop_share_0_14_pct,,,14.9508108120831,2024,World Bank WDI (UN World Population Prospects)
CYP,pop_share_0_14_pct,,,16.0721779424302,2024,World Bank WDI (UN World Population Prospects)
CZE,pop_share_0_14_pct,,,15.397296108304,2024,World Bank WDI (UN World Population Prospects)
DEU,pop_share_0_14_pct,,,13.9101604189277,2024,World Bank WDI (UN World Population Prospects)
DNK,pop_share_0_14_pct,,,15.6963833177301,2024,World Bank WDI (UN World Population Prospects)
ESP,pop_share_0_14_pct,,,12.9217448695747,2024,World Bank WDI (UN World Population Prospects)
EST,pop_share_0_14_pct,,,15.6376190147191,2024,World Bank WDI (UN World Population Prospects)
FIN,pop_share_0_14_pct,,,14.6331861128204,2024,World Bank WDI (UN World Population Prospects)
FRA,pop_share_0_14_pct,,,16.5051210259256,2024,World Bank WDI (UN World Population Prospects)
GBR,pop_share_0_14_pct,,,17.1850467046133,2024,World Bank WDI (UN World Population Prospects)
GRC,pop_share_0_14_pct,,,13.2194094109899,2024,World Bank WDI (UN World Population Prospects)
HRV,pop_share_0_14_pct,,,13.9232064407501,2024,World Bank WDI (UN World Population Prospects)
HUN,pop_share_0_14_pct,,,14.4013810473594,2024,World Bank WDI (UN World Population Prospects)
IRL,pop_share_0_14_pct,,,18.5554853052345,2024,World Bank WDI (UN World Population Prospects)
ISL,pop_share_0_14_pct,,,17.7634212897707,2024,World Bank WDI (UN World Population Prospects)
ITA,pop_share_0_14_pct,,,11.892304596608,2024,World Bank WDI (UN World Population Prospects)
LIE,pop_share_0_14_pct,,,14.2626034612491,2024,World Bank WDI (UN World Population Prospects)
LTU,pop_share_0_14_pct,,,14.7059775080318,2024,World Bank WDI (UN World Population Prospects)
LUX,pop_share_0_14_pct,,,15.7772392561468,2024,World Bank WDI (UN World Population Prospects)
LVA,pop_share_0_14_pct,,,15.4132909230147,2024,World Bank WDI (UN World Population Prospects)
MCO,pop_share_0_14_pct,,,13.4723408661438,2024,World Bank WDI (UN World Population Prospects)
MDA,pop_share_0_14_pct,,,19.7887254216323,2024,World Bank WDI (UN World Population Prospects)
MKD,pop_share_0_14_pct,,,16.8227364757936,2024,World Bank WDI (UN World Population Prospects)
MLT,pop_share_0_14_pct,,,13.0305018281824,2024,World Bank WDI (UN World Population Prospects)
MNE,pop_share_0_14_pct,,,18.1268437386694,2024,World Bank WDI (UN World Population Prospects)
NLD,pop_share_0_14_pct,,,15.0256450781311,2024,World Bank WDI (UN World Population Prospects)
NOR,pop_share_0_14_pct,,,16.1887491796165,2024,World Bank WDI (UN World Population Prospects)
POL,pop_share_0_14_pct,,,14.8057804830982,2024,World Bank WDI (UN World Population Prospects)
PRT,pop_share_0_14_pct,,,12.8014201999608,2024,World Bank WDI (UN World Population Prospects)
ROU,pop_share_0_14_pct,,,15.7157647653274,2024,World Bank WDI (UN World Population Prospects)
SMR,pop_share_0_14_pct,,,12.2569310026503,2024,World Bank WDI (UN World Population Prospects)
SRB,pop_share_0_14_pct,,,14.3110315939988,2024,World Bank WDI (UN World Population Prospects)
SVK,pop_share_0_14_pct,,,15.7612022097569,2024,World Bank WDI (UN World Population Prospects)
SVN,pop_share_0_14_pct,,,14.714920235154,2024,World Bank WDI (UN World Population Prospects)
SWE,pop_share_0_14_pct,,,16.9857798610144,2024,World Bank WDI (UN World Population Prospects)
UKR,pop_share_0_14_pct,,,13.8885360192623,2024,World Bank WDI (UN World Population Prospects)
USA,pop_share_0_14_pct,,,17.3245769214436,2024,World Bank WDI (UN World Population Prospects)
XKX,pop_share_0_14_pct,,,20.7108304299052,2024,World Bank WDI (UN World Population Prospects)
ALB,pop_share_15_64_pct,,,66.2364608476109,2024,World Bank WDI (UN World Population Prospects)
AND,pop_share_15_64_pct,,,72.1690312738368,2024,World Bank WDI (UN World Population Prospects)
AUT,pop_share_15_64_pct,,,65.1655943390134,2024,World Bank WDI (UN World Population Prospects)
BEL,pop_share_15_64_pct,,,63.4457922250499,2024,World Bank WDI (UN World Population Prospects)
BGR,pop_share_15_64_pct,,,63.4952025385603,2024,World Bank WDI (UN World Population Prospects)
BIH,pop_share_15_64_pct,,,64.7319446327459,2024,World Bank WDI (UN World Population Prospects)
BLR,pop_share_15_64_pct,,,66.0362068021274,2024,World Bank WDI (UN World Population Prospects)
CHE,pop_share_15_64_pct,,,65.0301373652331,2024,World Bank WDI (UN World Population Prospects)
CYP,pop_share_15_64_pct,,,69.3116377895017,2024,World Bank WDI (UN World Population Prospects)
CZE,pop_share_15_64_pct,,,63.7573202107069,2024,World Bank WDI (UN World Population Prospects)
DEU,pop_share_15_64_pct,,,62.8942524078782,2024,World Bank WDI (UN World Population Prospects)
DNK,pop_share_15_64_pct,,,63.4375462156532,2024,World Bank WDI (UN World Population Prospects)
ESP,pop_share_15_64_pct,,,65.9328112372132,2024,World Bank WDI (UN World Population Prospects)
EST,pop_share_15_64_pct,,,63.065048884786,2024,World Bank WDI (UN World Population Prospects)
FIN,pop_share_15_64_pct,,,61.4695769443402,2024,World Bank WDI (UN World Population Prospects)
FRA,pop_share_15_64_pct,,,61.3483170751607,2024,World Bank WDI (UN World Population Prospects)
GBR,pop_share_15_64_pct,,,63.3151859345352,2024,World Bank WDI (UN World Population Prospects)
GRC,pop_share_15_64_pct,,,62.840827158816,2024,World Bank WDI (UN World Population Prospects)
HRV,pop_share_15_64_pct,,,62.8890222110404,2024,World Bank WDI (UN World Population Prospects)
HUN,pop_share_15_64_pct,,,64.6054217208328,2024,World Bank WDI (UN World Population Prospects)
IRL,pop_share_15_64_pct,,,65.5524363144366,2024,World Bank WDI (UN World Population Prospects)
ISL,pop_share_15_64_pct,,,66.5917632509777,2024,World Bank WDI (UN World Population Prospects)
ITA,pop_share_15_64_pct,,,63.4829186800159,2024,World Bank WDI (UN World Population Prospects)
LIE,pop_share_15_64_pct,,,65.0112866817156,2024,World Bank WDI (UN World Population Prospects)
LTU,pop_share_15_64_pct,,,65.1275335904414,2024,World Bank WDI (UN World Population Prospects)
LUX,pop_share_15_64_pct,,,68.7463969237901,2024,World Bank WDI (UN World Population Prospects)
LVA,pop_share_15_64_pct,,,62.850868769571,2024,World Bank WDI (UN World Population Prospects)
MCO,pop_share_15_64_pct,,,50.3611089539489,2024,World Bank WDI (UN World Population Prospects)
MDA,pop_share_15_64_pct,,,63.9997621056353,2024,World Bank WDI (UN World Population Prospects)
MKD,pop_share_15_64_pct,,,65.1525033612012,2024,World Bank WDI (UN World Population Prospects)
MLT,pop_share_15_64_pct,,,66.7571955145133,2024,World Bank WDI (UN World Population Prospects)
MNE,pop_share_15_64_pct,,,64.0410757762399,2024,World Bank WDI (UN World Population Prospects)
NLD,pop_share_15_64_pct,,,64.4782773402102,2024,World Bank WDI (UN World Population Prospects)
NOR,pop_share_15_64_pct,,,65.0260101924808,2024,World Bank WDI (UN World Population Prospects)
POL,pop_share_15_64_pct,,,65.0508166995989,2024,World Bank WDI (UN World Population Prospects)
PRT,pop_share_15_64_pct,,,62.6679299405748,2024,World Bank WDI (UN World Population Prospects)
ROU,pop_share_15_64_pct,,,64.3032364614878,2024,World Bank WDI (UN World Population Prospects)
SMR,pop_share_15_64_pct,,,65.3330752508859,2024,World Bank WDI (UN World Population Prospects)
SRB,pop_share_15_64_pct,,,63.0029307254993,2024,World Bank WDI (UN World Population Prospects)
SVK,pop_share_15_64_pct,,,65.7013984358678,2024,World Bank WDI (UN World Population Prospects)
SVN,pop_share_15_64_pct,,,63.5127305869434,2024,World Bank WDI (UN World Population Prospects)
SWE,pop_share_15_64_pct,,,62.2674518966203,2024,World Bank WDI (UN World Population Prospects)
UKR,pop_share_15_64_pct,,,67.1490154911006,2024,World Bank WDI (UN World Population Prospects)
USA,pop_share_15_64_pct,,,64.7466928651531,2024,World Bank WDI (UN World Population Prospects)
XKX,pop_share_15_64_pct,,,69.215065379068,2024,World Bank WDI (UN World Population Prospects)
ALB,pop_share_65plus_pct,,,16.922756199529,2024,World Bank WDI (UN World Population Prospects)
AND,pop_share_65plus_pct,,,15.9456903127384,2024,World Bank WDI (UN World Population Prospects)
AUT,pop_share_65plus_pct,,,20.6064031791903,2024,World Bank WDI (UN World Population Prospects)
BEL,pop_share_65plus_pct,,,20.5580809256443,2024,World Bank WDI (UN World Population Prospects)
BGR,pop_share_65plus_pct,,,22.0303362606903,2024,World Bank WDI (UN World Population Prospects)
BIH,pop_share_65plus_pct,,,22.2302388589029,2024,World Bank WDI (UN World Population Prospects)
BLR,pop_share_65plus_pct,,,17.6665640538227,2024,World Bank WDI (UN World Population Prospects)
CHE,pop_share_65plus_pct,,,20.0190518226838,2024,World Bank WDI (UN World Population Prospects)
CYP,pop_share_65plus_pct,,,14.616184268068,2024,World Bank WDI (UN World Population Prospects)
CZE,pop_share_65plus_pct,,,20.8453836809891,2024,World Bank WDI (UN World Population Prospects)
DEU,pop_share_65plus_pct,,,23.1955871731941,2024,World Bank WDI (UN World Population Prospects)
DNK,pop_share_65plus_pct,,,20.8660704666167,2024,World Bank WDI (UN World Population Prospects)
ESP,pop_share_65plus_pct,,,21.1454438932121,2024,World Bank WDI (UN World Population Prospects)
EST,pop_share_65plus_pct,,,21.2973321004949,2024,World Bank WDI (UN World Population Prospects)
FIN,pop_share_65plus_pct,,,23.8972369428395,2024,World Bank WDI (UN World Population Prospects)
FRA,pop_share_65plus_pct,,,22.1465618989138,2024,World Bank WDI (UN World Population Prospects)
GBR,pop_share_65plus_pct,,,19.4997673608515,2024,World Bank WDI (UN World Population Prospects)
GRC,pop_share_65plus_pct,,,23.939763430194,2024,World Bank WDI (UN World Population Prospects)
HRV,pop_share_65plus_pct,,,23.1877713482095,2024,World Bank WDI (UN World Population Prospects)
HUN,pop_share_65plus_pct,,,20.9931972318078,2024,World Bank WDI (UN World Population Prospects)
IRL,pop_share_65plus_pct,,,15.8920783803289,2024,World Bank WDI (UN World Population Prospects)
ISL,pop_share_65plus_pct,,,15.6448154592516,2024,World Bank WDI (UN World Population Prospects)
ITA,pop_share_65plus_pct,,,24.624776723376,2024,World Bank WDI (UN World Population Prospects)
LIE,pop_share_65plus_pct,,,20.7261098570354,2024,World Bank WDI (UN World Population Prospects)
LTU,pop_share_65plus_pct,,,20.1664889015269,2024,World Bank WDI (UN World Population Prospects)
LUX,pop_share_65plus_pct,,,15.4763638200631,2024,World Bank WDI (UN World Population Prospects)
LVA,pop_share_65plus_pct,,,21.7358403074143,2024,World Bank WDI (UN World Population Prospects)
MCO,pop_share_65plus_pct,,,36.1665501799073,2024,World Bank WDI (UN World Population Prospects)
MDA,pop_share_65plus_pct,,,16.2115124727323,2024,World Bank WDI (UN World Population Prospects)
MKD,pop_share_65plus_pct,,,18.0247601630052,2024,World Bank WDI (UN World Population Prospects)
MLT,pop_share_65plus_pct,,,20.2123026573043,2024,World Bank WDI (UN World Population Prospects)
MNE,pop_share_65plus_pct,,,17.8320804850907,2024,World Bank WDI (UN World Population Prospects)
NLD,pop_share_65plus_pct,,,20.4960775816586,2024,World Bank WDI (UN World Population Prospects)
NOR,pop_share_65plus_pct,,,18.7852406279027,2024,World Bank WDI (UN World Population Prospects)
POL,pop_share_65plus_pct,,,20.1434028173028,2024,World Bank WDI (UN World Population Prospects)
PRT,pop_share_65plus_pct,,,24.5306498594644,2024,World Bank WDI (UN World Population Prospects)
ROU,pop_share_65plus_pct,,,19.9809987731847,2024,World Bank WDI (UN World Population Prospects)
SMR,pop_share_65plus_pct,,,22.4099937464638,2024,World Bank WDI (UN World Population Prospects)
SRB,pop_share_65plus_pct,,,22.6860376805019,2024,World Bank WDI (UN World Population Prospects)
SVK,pop_share_65plus_pct,,,18.5373993543753,2024,World Bank WDI (UN World Population Prospects)
SVN,pop_share_65plus_pct,,,21.7723491779025,2024,World Bank WDI (UN World Population Prospects)
SWE,pop_share_65plus_pct,,,20.7467682423653,2024,World Bank WDI (UN World Population Prospects)
UKR,pop_share_65plus_pct,,,18.9624484896371,2024,World Bank WDI (UN World Population Prospects)
USA,pop_share_65plus_pct,,,17.9287302134033,2024,World Bank WDI (UN World Population Prospects)
XKX,pop_share_65plus_pct,,,10.0741041910268,2024,World Bank WDI (UN World Population Prospects)
